acceptedDate,costAndExpenses,costOfRevenue,date,depreciationAndAmortization,ebitda,ebitdaratio,eps,epsdiluted,fillingDate,finalLink,generalAndAdministrativeExpenses,grossProfit,grossProfitRatio,incomeBeforeTax,incomeBeforeTaxRatio,incomeTaxExpense,interestExpense,link,netIncome,netIncomeRatio,operatingExpenses,operatingIncome,operatingIncomeRatio,otherExpenses,period,researchAndDevelopmentExpenses,revenue,sellingAndMarketingExpenses,symbol,totalOtherIncomeExpensesNet,weightedAverageShsOut,weightedAverageShsOutDil
2020-07-30 19:29:09,46594000000,37005000000,2020-06-27,2752000000.0,16586000000,0.277892,0.64601,0.64601,2020-07-31,https://www.sec.gov/Archives/edgar/data/320193/000032019320000062/aapl-20200627.htm,4831000000,22680000000,0.379995,13137000000.0,0.220106,1884000000.0,697000000.0,https://www.sec.gov/Archives/edgar/data/320193/000032019320000062/aapl-20200627.htm,11253000000.0,0.18854,9589000000,13091000000.0,0.219335,46000000.0,Q3,4758000000,59685000000,0.0,AAPL,-158000000.0,17419152000,17419152000
2020-04-30 18:03:10,45460000000,35943000000,2020-03-28,2786000000.0,16678000000,0.286008,0.63847,0.63847,2020-05-01 00:00:00,https://www.sec.gov/Archives/edgar/data/320193/000032019320000052/a10-qq220203282020.htm,4952000000,22370000000,0.383619,13135000000.0,0.22525,1886000000.0,757000000.0,https://www.sec.gov/Archives/edgar/data/320193/000032019320000052/0000320193-20-000052-index.html,11249000000.0,0.192907,9517000000,12853000000.0,0.220414,282000000.0,Q2,4565000000,58313000000,0.0,AAPL,-10000000.0,17618764000,17618764000
2020-01-28 18:02:44,66250000000,56602000000,2019-12-28,2816000000.0,29519000000,0.321491,1.24792,1.24792,2020-01-29 00:00:00,https://www.sec.gov/Archives/edgar/data/320193/000032019320000010/a10-qq1202012282019.htm,5197000000,35217000000,0.383548,25918000000.0,0.282273,3682000000.0,785000000.0,https://www.sec.gov/Archives/edgar/data/320193/000032019320000010/0000320193-20-000010-index.html,22236000000.0,0.242172,9648000000,25569000000.0,0.278472,349000000.0,Q1,4451000000,91819000000,0.0,AAPL,89000000.0,17818416000,17818416000
2019-10-30 18:12:36,48415000000,39727000000,2019-09-28,3179000000.0,20116000000,0.314116,0.75691,0.75691,2019-10-31 00:00:00,https://www.sec.gov/Archives/edgar/data/320193/000032019319000119/a10-k20199282019.htm,4578000000,24313000000,0.379653,16127000000.0,0.251827,2441000000.0,810000000.0,https://www.sec.gov/Archives/edgar/data/320193/000032019319000119/0000320193-19-000119-index.html,13686000000.0,0.21371,8688000000,15625000000.0,0.243988,502000000.0,Q4,4110000000,64040000000,0.0,AAPL,206000000.0,18081500000,18081500000
2019-07-31 16:31:53,42265000000,33582000000,2019-06-29,2933000000.0,15710000000,0.291959,0.54571,0.54571,2019-07-31,https://www.sec.gov/Archives/edgar/data/320193/000032019319000076/a10-qq320196292019.htm,4426000000,20227000000,0.375904,11911000000.0,0.221357,1867000000.0,866000000.0,https://www.sec.gov/Archives/edgar/data/320193/000032019319000076/a10-qq320196292019.htm,10044000000.0,0.18666,8683000000,11544000000.0,0.214537,367000000.0,Q3,4257000000,53809000000,0.0,AAPL,43000000.0,18405520000,18405520000
2019-05-01 16:32:00,44600000000,36194000000,2019-03-30,3040000000.0,17843000000,0.307558,0.61486,0.61486,2019-05-01 00:00:00,https://www.sec.gov/Archives/edgar/data/320193/000032019319000066/a10-qq220193302019.htm,4458000000,21821000000,0.376127,13793000000.0,0.237749,2232000000.0,1010000000.0,https://www.sec.gov/Archives/edgar/data/320193/000032019319000066/0000320193-19-000066-index.html,11561000000.0,0.199276,8406000000,13415000000.0,0.231233,378000000.0,Q2,3948000000,58015000000,0.0,AAPL,30000000.0,18802584000,18802584000
2019-01-30 16:31:37,60964000000,52279000000,2018-12-29,3395000000.0,28191000000,0.334373,1.04567,1.04567,2019-01-30 00:00:00,https://www.sec.gov/Archives/edgar/data/320193/000032019319000010/a10-qq1201912292018.htm,4783000000,32031000000,0.379919,23906000000.0,0.283549,3941000000.0,890000000.0,https://www.sec.gov/Archives/edgar/data/320193/000032019319000010/0000320193-19-000010-index.html,19965000000.0,0.236805,8685000000,23346000000.0,0.276907,560000000.0,Q1,3902000000,84310000000,0.0,AAPL,143000000.0,19093008000,19093008000
2018-11-05 08:01:40,46782000000,38816000000,2018-09-29,2754000000.0,21143000000,0.336137,0.72839,0.72839,2018-11-05 00:00:00,https://www.sec.gov/Archives/edgar/data/320193/000032019318000145/a10-k20189292018.htm,4216000000,24084000000,0.382893,16421000000.0,0.261065,3396000000.0,868000000.0,https://www.sec.gov/Archives/edgar/data/320193/000032019318000145/0000320193-18-000145-index.html,14125000000.0,0.224563,7966000000,16118000000.0,0.256248,-1702000000.0,Q4,3750000000,62900000000,0.0,AAPL,-140000000.0,19392000000,19392000000
2018-08-01 16:31:48,40653000000,32844000000,2018-06-30,2665000000.0,16795000000,0.31531,0.58448,0.58448,2018-08-01 00:00:00,https://www.sec.gov/Archives/edgar/data/320193/000032019318000100/a10-qq320186302018.htm,4108000000,20421000000,0.383385,13284000000.0,0.249395,1765000000.0,846000000.0,https://www.sec.gov/Archives/edgar/data/320193/000032019318000100/0000320193-18-000100-index.html,11519000000.0,0.216258,7809000000,12612000000.0,0.236778,672000000.0,Q3,3701000000,53265000000,0.0,AAPL,100000000.0,19708000000,19708000000
2018-05-02 16:32:12,45243000000,37715000000,2018-03-31,2739000000.0,19699000000,0.322211,0.68183,0.68183,2018-05-02 00:00:00,https://www.sec.gov/Archives/edgar/data/320193/000032019318000070/a10-qq220183312018.htm,4150000000,23422000000,0.383107,16168000000.0,0.264455,2346000000.0,792000000.0,https://www.sec.gov/Archives/edgar/data/320193/000032019318000070/0000320193-18-000070-index.html,13822000000.0,0.226082,7528000000,15894000000.0,0.259974,274000000.0,Q2,3378000000,61137000000,0.0,AAPL,-439000000.0,20272000000,20272000000
2018-02-02 08:01:26,62019000000,54381000000,2017-12-30,2745000000.0,27909000000,0.316095,0.97252,0.97252,2018-02-02 00:00:00,https://www.sec.gov/Archives/edgar/data/320193/000032019318000007/a10-qq1201812302017.htm,4231000000,33912000000,0.384085,27030000000.0,0.30614,4365000000.0,734000000.0,https://www.sec.gov/Archives/edgar/data/320193/000032019318000007/0000320193-18-000007-index.html,20065000000.0,0.227255,7638000000,26274000000.0,0.297577,756000000.0,Q1,3407000000,88293000000,0.0,AAPL,38000000.0,20632000000,20632000000
2017-11-03 08:01:37,39459000000,32648000000,2017-09-30,2484000000.0,17067000000,0.324597,0.51669,0.51669,2017-11-03 00:00:00,https://www.sec.gov/Archives/edgar/data/320193/000032019317000070/a10-k20179302017.htm,3814000000,19931000000,0.379068,13917000000.0,0.264687,3203000000.0,666000000.0,https://www.sec.gov/Archives/edgar/data/320193/000032019317000070/0000320193-17-000070-index.html,10714000000.0,0.20377,6811000000,13120000000.0,0.249529,797000000.0,Q4,2997000000,52579000000,0.0,AAPL,95000000.0,20736000000,20736000000
2017-08-02 16:31:28,34640000000,27920000000,2017-07-01,2354000000.0,14264000000,0.31413,0.41644,0.41644,2017-08-02 00:00:00,https://www.sec.gov/Archives/edgar/data/320193/000032019317000009/a10-qq32017712017.htm,3783000000,17488000000,0.38513,11308000000.0,0.249031,2591000000.0,602000000.0,https://www.sec.gov/Archives/edgar/data/320193/000032019317000009/0000320193-17-000009-index.html,8717000000.0,0.191971,6720000000,10768000000.0,0.237139,540000000.0,Q3,2937000000,45408000000,0.0,AAPL,-185000000.0,20932000000,20932000000
2017-05-03 16:32:23,38799000000,32305000000,2017-04-01,2332000000.0,17546000000,0.331708,0.52399,0.52399,2017-05-03 00:00:00,https://www.sec.gov/Archives/edgar/data/320193/000162828017004790/a10-qq22017412017.htm,3718000000,20591000000,0.389273,14684000000.0,0.277601,3655000000.0,530000000.0,https://www.sec.gov/Archives/edgar/data/320193/000162828017004790/0001628280-17-004790-index.html,11029000000.0,0.208503,6494000000,14097000000.0,0.266504,587000000.0,Q2,2776000000,52896000000,0.0,AAPL,-165000000.0,21048000000,21048000000
2017-02-01 16:33:29,54992000000,48175000000,2016-12-31,2987000000.0,27692000000,0.353435,0.83948,0.83948,2017-02-01 00:00:00,https://www.sec.gov/Archives/edgar/data/320193/000162828017000717/a10-qq1201712312016.htm,3946000000,30176000000,0.385139,24180000000.0,0.308611,6289000000.0,525000000.0,https://www.sec.gov/Archives/edgar/data/320193/000162828017000717/0001628280-17-000717-index.html,17891000000.0,0.228344,6817000000,23359000000.0,0.298133,821000000.0,Q1,2871000000,78351000000,0.0,AAPL,122000000.0,21312000000,21312000000
2016-10-26 16:42:16,35091000000,29039000000,2016-09-24,2548000000.0,15186000000,0.324127,0.41786,0.41786,2016-10-26 00:00:00,https://www.sec.gov/Archives/edgar/data/320193/000162828016020309/a201610-k9242016.htm,3482000000,17813000000,0.380197,12188000000.0,0.260138,3174000000.0,450000000.0,https://www.sec.gov/Archives/edgar/data/320193/000162828016020309/0001628280-16-020309-index.html,9014000000.0,0.192393,6052000000,11761000000.0,0.251025,427000000.0,Q4,2570000000,46852000000,0.0,AAPL,-159000000.0,21572000000,21572000000
2016-07-27 16:32:36,32253000000,26252000000,2016-06-25,2526000000.0,13404000000,0.316446,0.35611,0.35611,2016-07-27,https://www.sec.gov/Archives/edgar/data/320193/000162828016017809/a10-qq320166252016.htm,3441000000,16106000000,0.380235,10469000000.0,0.247155,2673000000.0,409000000.0,https://www.sec.gov/Archives/edgar/data/320193/000162828016017809/a10-qq320166252016.htm,7796000000.0,0.18405,6001000000,10105000000.0,0.238562,364000000.0,Q3,2560000000,42358000000,0.0,AAPL,-263000000.0,21892000000,21892000000
2016-04-27 16:32:53,36570000000,30636000000,2016-03-26,2477000000.0,16940000000,0.335067,0.47446,0.47446,2016-04-27 00:00:00,https://www.sec.gov/Archives/edgar/data/320193/000119312516559625/d165350d10q.htm,3423000000,19921000000,0.394031,14142000000.0,0.279724,3626000000.0,321000000.0,https://www.sec.gov/Archives/edgar/data/320193/000119312516559625/0001193125-16-559625-index.html,10516000000.0,0.208003,5934000000,13987000000.0,0.276658,155000000.0,Q2,2511000000,50557000000,0.0,AAPL,-510000000.0,22164000000,22164000000
2016-01-27 16:32:03,51701000000,45449000000,2015-12-26,2954000000.0,27803000000,0.366446,0.82057,0.82057,2016-01-27 00:00:00,https://www.sec.gov/Archives/edgar/data/320193/000119312516439878/d66145d10q.htm,3848000000,30423000000,0.400978,24573000000.0,0.323874,6212000000.0,276000000.0,https://www.sec.gov/Archives/edgar/data/320193/000119312516439878/0001193125-16-439878-index.html,18361000000.0,0.242,6252000000,24171000000.0,0.318576,402000000.0,Q1,2404000000,75872000000,0.0,AAPL,-263000000.0,22376000000,22376000000
2015-10-28 16:31:09,36878000000,30953000000,2015-09-26,3119000000.0,18419000000,0.357644,0.48935,0.48935,2015-10-28 00:00:00,https://www.sec.gov/Archives/edgar/data/320193/000119312515356351/d17062d10k.htm,3705000000,20548000000,0.398983,15062000000.0,0.29246,3938000000.0,238000000.0,https://www.sec.gov/Archives/edgar/data/320193/000119312515356351/0001193125-15-356351-index.html,11124000000.0,0.215996,5925000000,14623000000.0,0.283936,439000000.0,Q4,2220000000,51501000000,0.0,AAPL,-149000000.0,22732000000,22732000000
2015-07-22 17:01:17,35522000000,29924000000,2015-06-27,3084000000.0,17758000000,0.357988,0.46237,0.46237,2015-07-22 00:00:00,https://www.sec.gov/Archives/edgar/data/320193/000119312515259935/d927922d10q.htm,3564000000,19681000000,0.396754,14473000000.0,0.291765,3796000000.0,201000000.0,https://www.sec.gov/Archives/edgar/data/320193/000119312515259935/0001193125-15-259935-index.html,10677000000.0,0.21524,5598000000,14083000000.0,0.283903,390000000.0,Q3,2034000000,49605000000,0.0,AAPL,-175000000.0,23092000000,23092000000
2015-04-28 17:01:16,39732000000,34354000000,2015-03-28,2479000000.0,21206000000,0.365558,0.58136,0.58136,2015-04-28 00:00:00,https://www.sec.gov/Archives/edgar/data/320193/000119312515153166/d892246d10q.htm,3460000000,23656000000,0.407792,18564000000.0,0.320014,4995000000.0,163000000.0,https://www.sec.gov/Archives/edgar/data/320193/000119312515153166/0001193125-15-153166-index.html,13569000000.0,0.233908,5378000000,18278000000.0,0.315084,286000000.0,Q2,1918000000,58010000000,0.0,AAPL,-226000000.0,23340000000,23340000000
2015-01-28 16:39:32,50353000000,44858000000,2014-12-27,2575000000.0,27122000000,0.363571,0.76607,0.76607,2015-01-28,https://www.sec.gov/Archives/edgar/data/320193/000119312514383437/d783162d10k.htm,3600000000,29741000000,0.398678,24416000000.0,0.327297,6392000000.0,131000000.0,https://www.sec.gov/Archives/edgar/data/320193/000119312514383437/d783162d10k.htm,18024000000.0,0.241612,5495000000,24246000000.0,0.325018,170000000.0,Q1,1895000000,74599000000,0.0,AAPL,-353000000.0,23528000000,23528000000
2014-10-27 17:11:55,30958000000,26114000000,2014-09-27,1969000000.0,13556000000,0.321819,0.35445,0.35445,2014-10-27 00:00:00,https://www.sec.gov/Archives/edgar/data/320193/000119312514383437/d783162d10k.htm,3158000000,16009000000,0.380054,11472000000.0,0.272345,3005000000.0,115000000.0,https://www.sec.gov/Archives/edgar/data/320193/000119312514383437/0001193125-14-383437-index.html,8467000000.0,0.201007,4844000000,11165000000.0,0.265057,307000000.0,Q4,1686000000,42123000000,0.0,AAPL,-39000000.0,23888000000,23888000000
2014-07-23 16:32:48,27150000000,22697000000,2014-06-28,1946000000.0,12530000000,0.33474,0.32006,0.32006,2014-07-23 00:00:00,https://www.sec.gov/Archives/edgar/data/320193/000119312514277160/d740164d10q.htm,2850000000,14735000000,0.393647,10484000000.0,0.280081,2736000000.0,100000000.0,https://www.sec.gov/Archives/edgar/data/320193/000119312514277160/0001193125-14-277160-index.html,7748000000.0,0.206989,4453000000,10282000000.0,0.274685,202000000.0,Q3,1603000000,37432000000,0.0,AAPL,-85000000.0,24208000000,24208000000
2014-04-24 17:02:12,32053000000,27699000000,2014-03-29,1887000000.0,15790000000,0.345923,0.4151,0.4151,2014-04-24 00:00:00,https://www.sec.gov/Archives/edgar/data/320193/000119312514157311/d694710d10q.htm,2932000000,17947000000,0.393178,13818000000.0,0.302721,3595000000.0,85000000.0,https://www.sec.gov/Archives/edgar/data/320193/000119312514157311/0001193125-14-157311-index.html,10223000000.0,0.223963,4354000000,13593000000.0,0.297792,225000000.0,Q2,1422000000,45646000000,0.0,AAPL,-92000000.0,24628000000,24628000000
2014-01-28 17:07:27,40131000000,35748000000,2013-12-28,2144000000.0,19937000000,0.346165,0.51791,0.51791,2014-01-28,https://www.sec.gov/Archives/edgar/data/320193/000119312513416534/d590790d10k.htm,3053000000,21846000000,0.37931,17709000000.0,0.30748,4637000000.0,84000000.0,https://www.sec.gov/Archives/edgar/data/320193/000119312513416534/d590790d10k.htm,13072000000.0,0.226968,4383000000,17463000000.0,0.303209,246000000.0,Q1,1330000000,57594000000,0.0,AAPL,-95000000.0,25240000000,25240000000
2013-10-29 20:38:28,27442000000,23601000000,2013-09-28,1783000000.0,12062000000,0.321894,0.2951,0.2951,2013-10-30 00:00:00,https://www.sec.gov/Archives/edgar/data/320193/000119312513416534/d590790d10k.htm,2673000000,13871000000,0.37017,10143000000.0,0.270682,2631000000.0,136000000.0,https://www.sec.gov/Archives/edgar/data/320193/000119312513416534/0001193125-13-416534-index.html,7512000000.0,0.20047,3841000000,10030000000.0,0.267667,113000000.0,Q4,1168000000,37472000000,0.0,AAPL,-194000000.0,25456000000,25456000000
2013-07-24 17:02:02,26122000000,22299000000,2013-06-29,1694000000.0,11398000000,0.322679,0.26662,0.26662,2013-07-24 00:00:00,https://www.sec.gov/Archives/edgar/data/320193/000119312513300670/d552802d10q.htm,2645000000,13024000000,0.368712,9435000000.0,0.267106,2535000000.0,269000000.0,https://www.sec.gov/Archives/edgar/data/320193/000119312513300670/0001193125-13-300670-index.html,6900000000.0,0.19534,3823000000,9201000000.0,0.260482,234000000.0,Q3,1178000000,35323000000,0.0,AAPL,-35000000.0,25880000000,25880000000
2013-04-23 21:29:23,31045000000,27254000000,2013-03-30,1692000000.0,14957000000,0.343027,0.36043,0.36043,2013-04-24 00:00:00,https://www.sec.gov/Archives/edgar/data/320193/000119312513168288/d501596d10q.htm,2672000000,16349000000,0.374951,12905000000.0,0.295966,3358000000.0,360000000.0,https://www.sec.gov/Archives/edgar/data/320193/000119312513168288/0001193125-13-168288-index.html,9547000000.0,0.218953,3791000000,12558000000.0,0.288008,347000000.0,Q2,1119000000,43603000000,0.0,AAPL,-13000000.0,26488000000,26488000000
2013-01-24 17:01:37,37302000000,33452000000,2012-12-29,1588000000.0,19681000000,0.36104,0.49306,0.49306,2013-01-24 00:00:00,https://www.sec.gov/Archives/edgar/data/320193/000119312513022339/d453687d10q.htm,2840000000,21060000000,0.386337,17672000000.0,0.324186,4594000000.0,421000000.0,https://www.sec.gov/Archives/edgar/data/320193/000119312513022339/0001193125-13-022339-index.html,13078000000.0,0.23991,3850000000,17210000000.0,0.31571,462000000.0,Q1,1010000000,54512000000,0.0,AAPL,41000000.0,26524000000,26524000000
2012-10-31 17:07:19,25022000000,21565000000,2012-09-29,981000000.0,11874000000,0.330145,0.30974,0.30974,2012-10-31 00:00:00,https://www.sec.gov/Archives/edgar/data/320193/000119312512444068/d411355d10k.htm,2551000000,14401000000,0.400406,10893000000.0,0.302869,2670000000.0,0.0,https://www.sec.gov/Archives/edgar/data/320193/000119312512444068/0001193125-12-444068-index.html,8223000000.0,0.228633,3457000000,10944000000.0,0.304287,-51000000.0,Q4,906000000,35966000000,0.0,AAPL,-51000000.0,26548000000,26548000000
2012-07-25 16:39:39,23450000000,20029000000,2012-06-30,835000000.0,12696000000,0.362505,0.33278,0.33278,2012-07-25 00:00:00,https://www.sec.gov/Archives/edgar/data/320193/000119312512314552/d365704d10q.htm,2545000000,14994000000,0.428119,11861000000.0,0.338663,3037000000.0,0.0,https://www.sec.gov/Archives/edgar/data/320193/000119312512314552/0001193125-12-314552-index.html,8824000000.0,0.251949,3421000000,11573000000.0,0.33044,288000000.0,Q3,876000000,35023000000,0.0,AAPL,288000000.0,26516000000,26516000000
2012-04-25 17:01:16,23802000000,20622000000,2012-03-31,740000000.0,16272000000,0.41525,0.4393,0.4393,2012-04-25,https://www.sec.gov/Archives/edgar/data/320193/000119312512182321/d297069d10q.htm,2339000000,18564000000,0.473741,15532000000.0,0.396366,3910000000.0,0.0,https://www.sec.gov/Archives/edgar/data/320193/000119312512182321/d297069d10q.htm,11622000000.0,0.296586,3180000000,15384000000.0,0.392589,148000000.0,Q2,841000000,39186000000,0.0,AAPL,148000000.0,26456000000,26456000000
2012-01-25 16:42:11,28993000000,25630000000,2011-12-31,721000000.0,18426000000,0.397686,0.49552,0.49552,2012-01-25 00:00:00,https://www.sec.gov/Archives/edgar/data/320193/000119312512023398/d267587d10q.htm,2605000000,20703000000,0.446831,17477000000.0,0.377204,4413000000.0,228000000.0,https://www.sec.gov/Archives/edgar/data/320193/000119312512023398/0001193125-12-023398-index.html,13064000000.0,0.281959,3363000000,17340000000.0,0.374247,137000000.0,Q1,758000000,46333000000,0.0,AAPL,-91000000.0,26364000000,26364000000
2011-10-26 16:35:25,19560000000,16890000000,2011-09-24,543000000.0,9334000000,0.330173,0.25175,0.25175,2011-10-26 00:00:00,https://www.sec.gov/Archives/edgar/data/320193/000119312511282113/d220209d10k.htm,2025000000,11380000000,0.402547,8791000000.0,0.310966,2168000000.0,0.0,https://www.sec.gov/Archives/edgar/data/320193/000119312511282113/0001193125-11-282113-index.html,6623000000.0,0.234277,2670000000,8710000000.0,0.3081,81000000.0,Q4,645000000,28270000000,0.0,AAPL,81000000.0,26308000000,26308000000
2011-07-20 16:32:13,19192000000,16649000000,2011-06-25,481000000.0,10032000000,0.351125,0.27829,0.27829,2011-07-20 00:00:00,https://www.sec.gov/Archives/edgar/data/320193/000119312511192493/d10q.htm,1915000000,11922000000,0.417276,9551000000.0,0.33429,2243000000.0,0.0,https://www.sec.gov/Archives/edgar/data/320193/000119312511192493/0001193125-11-192493-index.html,7308000000.0,0.255784,2543000000,9379000000.0,0.32827,172000000.0,Q3,628000000,28571000000,0.0,AAPL,172000000.0,26260000000,26260000000
2011-04-21 06:13:41,16793000000,14449000000,2011-03-26,434000000.0,8334000000,0.33786,0.22844,0.22844,2011-04-21 00:00:00,https://www.sec.gov/Archives/edgar/data/320193/000119312511104388/d10q.htm,1763000000,10218000000,0.414238,7900000000.0,0.320266,1913000000.0,0.0,https://www.sec.gov/Archives/edgar/data/320193/000119312511104388/0001193125-11-104388-index.html,5987000000.0,0.242713,2344000000,7874000000.0,0.319212,26000000.0,Q2,581000000,24667000000,0.0,AAPL,26000000.0,26208000000,26208000000
2011-01-19 16:33:29,18914000000,16443000000,2010-12-25,356000000.0,8319000000,0.311095,0.22979,0.22979,2011-01-19,https://www.sec.gov/Archives/edgar/data/320193/000119312510238044/d10k.htm,1896000000,10298000000,0.385102,7963000000.0,0.297782,1959000000.0,0.0,https://www.sec.gov/Archives/edgar/data/320193/000119312510238044/d10k.htm,6004000000.0,0.224524,2471000000,7827000000.0,0.292697,136000000.0,Q1,575000000,26741000000,0.0,AAPL,136000000.0,26128000000,26128000000
2010-10-27 16:36:21,14896000000,12831000000,2010-09-25,329000000.0,5790000000,0.284619,0.16564,0.16564,2010-10-27 00:00:00,https://www.sec.gov/Archives/edgar/data/320193/000119312510238044/d10k.htm,1571000000,7512000000,0.369267,5461000000.0,0.268446,1153000000.0,0.0,https://www.sec.gov/Archives/edgar/data/320193/000119312510238044/0001193125-10-238044-index.html,4308000000.0,0.211768,2065000000,5447000000.0,0.267758,14000000.0,Q4,494000000,20343000000,0.0,AAPL,14000000.0,26008000000,26008000000
2010-07-21 16:37:45,11466000000,9564000000,2010-06-26,273000000.0,4565000000,0.290764,0.12527,0.12527,2010-07-21 00:00:00,https://www.sec.gov/Archives/edgar/data/320193/000119312510162840/d10q.htm,1438000000,6136000000,0.390828,4292000000.0,0.273376,1039000000.0,0.0,https://www.sec.gov/Archives/edgar/data/320193/000119312510162840/0001193125-10-162840-index.html,3253000000.0,0.207197,1902000000,4234000000.0,0.269682,58000000.0,Q3,464000000,15700000000,0.0,AAPL,58000000.0,25968000000,25968000000
2010-04-21 16:39:23,9520000000,7874000000,2010-03-27,216000000.0,4245000000,0.314468,0.11896,0.11896,2010-04-21 00:00:00,https://www.sec.gov/Archives/edgar/data/320193/000119312510088957/d10q.htm,1220000000,5625000000,0.416698,4029000000.0,0.298467,955000000.0,0.0,https://www.sec.gov/Archives/edgar/data/320193/000119312510088957/0001193125-10-088957-index.html,3074000000.0,0.227721,1646000000,3979000000.0,0.294763,50000000.0,Q2,426000000,13499000000,0.0,AAPL,50000000.0,25840000000,25840000000
2010-01-25 16:23:57,10958000000,9272000000,2009-12-26,209000000.0,4967000000,0.316712,0.13117,0.13117,2010-01-25 00:00:00,https://www.sec.gov/Archives/edgar/data/320193/000119312510012085/d10q.htm,1288000000,6411000000,0.408787,4758000000.0,0.303386,1380000000.0,0.0,https://www.sec.gov/Archives/edgar/data/320193/000119312510012085/0001193125-10-012085-index.html,3378000000.0,0.215392,1686000000,4725000000.0,0.301282,33000000.0,Q1,398000000,15683000000,0.0,AAPL,33000000.0,25752000000,25752000000
2009-10-27 16:18:29,8523000000,7102000000,2009-09-26,203000000.0,3932000000,0.32211,0.09889,0.09889,2009-10-27 00:00:00,https://www.sec.gov/Archives/edgar/data/320193/000119312509214859/d10k.htm,1063000000,5105000000,0.418203,3729000000.0,0.30548,1197000000.0,0.0,https://www.sec.gov/Archives/edgar/data/320193/000119312509214859/0001193125-09-214859-index.html,2532000000.0,0.207422,1421000000,3684000000.0,0.301794,45000000.0,Q4,358000000,12207000000,0.0,AAPL,45000000.0,25604000000,25604000000
2009-07-22 16:41:33,7102000000,5751000000,2009-06-27,182000000.0,2874000000,0.295254,0.07181,0.07181,2009-07-22 00:00:00,https://www.sec.gov/Archives/edgar/data/320193/000119312509153165/d10q.htm,1010000000,3983000000,0.409184,2692000000.0,0.276556,864000000.0,0.0,https://www.sec.gov/Archives/edgar/data/320193/000119312509153165/0001193125-09-153165-index.html,1828000000.0,0.187795,1351000000,2632000000.0,0.270392,60000000.0,Q3,341000000,9734000000,0.0,AAPL,60000000.0,25456000000,25456000000
2009-04-23 16:12:31,6761000000,5457000000,2009-03-28,181000000.0,2567000000,0.282585,0.06407,0.06407,2009-04-23 00:00:00,https://www.sec.gov/Archives/edgar/data/320193/000119312509085781/d10q.htm,985000000,3627000000,0.399273,2386000000.0,0.26266,766000000.0,0.0,https://www.sec.gov/Archives/edgar/data/320193/000119312509085781/0001193125-09-085781-index.html,1620000000.0,0.178336,1304000000,2323000000.0,0.255724,63000000.0,Q2,319000000,9084000000,0.0,AAPL,63000000.0,25284000000,25284000000
2009-01-22 21:45:14,8779000000,7373000000,2008-12-27,168000000.0,3427000000,0.288468,0.08934,0.08934,2009-01-23 00:00:00,https://www.sec.gov/Archives/edgar/data/320193/000119312509009937/d10q.htm,1091000000,4507000000,0.379377,3259000000.0,0.274327,1004000000.0,0.0,https://www.sec.gov/Archives/edgar/data/320193/000119312509009937/0001193125-09-009937-index.html,2255000000.0,0.189815,1406000000,3101000000.0,0.261027,158000000.0,Q1,315000000,11880000000,0.0,AAPL,158000000.0,25240000000,25240000000
2008-11-05 06:16:23,8374000000,7077000000,2008-09-27,157000000.0,3443000000,0.298872,0.08869,0.08869,2008-11-05 00:00:00,https://www.sec.gov/Archives/edgar/data/320193/000119312508224958/d10k.htm,999000000,4443000000,0.385677,3286000000.0,0.285243,1039000000.0,0.0,https://www.sec.gov/Archives/edgar/data/320193/000119312508224958/0001193125-08-224958-index.html,2247000000.0,0.195052,1297000000,3146000000.0,0.27309,140000000.0,Q4,298000000,11520000000,0.0,AAPL,140000000.0,25336000000,25336000000
2008-07-23 17:27:26,6026000000,4818000000,2008-06-28,117000000.0,1770000000,0.234096,0.04472,0.04472,2008-07-23 00:00:00,https://www.sec.gov/Archives/edgar/data/320193/000119312508156421/d10q.htm,916000000,2743000000,0.362783,1653000000.0,0.218622,522000000.0,0.0,https://www.sec.gov/Archives/edgar/data/320193/000119312508156421/0001193125-08-156421-index.html,1131000000.0,0.149583,1208000000,1535000000.0,0.203015,118000000.0,Q3,292000000,7561000000,0.0,AAPL,118000000.0,25288000000,25288000000
2008-05-01 06:01:43,6532000000,5373000000,2008-03-29,116000000.0,1726000000,0.216291,0.04373,0.04373,2008-05-01 00:00:00,https://www.sec.gov/Archives/edgar/data/320193/000119312508097759/d10q.htm,886000000,2607000000,0.326692,1610000000.0,0.201754,509000000.0,0.0,https://www.sec.gov/Archives/edgar/data/320193/000119312508097759/0001193125-08-097759-index.html,1101000000.0,0.13797,1159000000,1448000000.0,0.181454,162000000.0,Q2,273000000,7980000000,0.0,AAPL,162000000.0,25180000000,25180000000
2008-02-01 06:06:51,8232000000,7026000000,2007-12-29,106000000.0,2504000000,0.240077,0.06508,0.06508,2008-02-01,https://www.sec.gov/Archives/edgar/data/320193/000104746907009340/a2181030z10-k.htm,960000000,3404000000,0.326366,2398000000.0,0.229914,758000000.0,0.0,https://www.sec.gov/Archives/edgar/data/320193/000104746907009340/a2181030z10-k.htm,1640000000.0,0.157239,1206000000,2198000000.0,0.210738,200000000.0,Q1,246000000,10430000000,0.0,AAPL,200000000.0,25200000000,25200000000
2007-11-15 16:49:37,5591000000,4561000000,2007-09-29,103000000.0,1288000000,0.194974,0.03469,0.03469,2007-11-15 00:00:00,https://www.sec.gov/Archives/edgar/data/320193/000104746907009340/a2181030z10-k.htm,823000000,2045000000,0.309567,1185000000.0,0.179382,315000000.0,0.0,https://www.sec.gov/Archives/edgar/data/320193/000104746907009340/0001047469-07-009340-index.html,870000000.0,0.131698,1030000000,1015000000.0,0.153648,170000000.0,Q4,207000000,6606000000,0.0,AAPL,170000000.0,25080000000,25080000000
2007-08-07 21:51:56,4484000000,3530000000,2007-06-30,81000000.0,1315000000,0.236383,0.03368,0.03368,2007-08-08 00:00:00,https://www.sec.gov/Archives/edgar/data/320193/000110465907059873/a07-19295_110q.htm,746000000,2033000000,0.36545,1234000000.0,0.221823,394000000.0,0.0,https://www.sec.gov/Archives/edgar/data/320193/000110465907059873/0001104659-07-059873-index.html,840000000.0,0.150998,954000000,1079000000.0,0.19396,155000000.0,Q3,208000000,5563000000,0.0,AAPL,155000000.0,24940000000,24940000000
2007-05-09 21:38:58,4298000000,3435000000,2007-03-31,69000000.0,1205000000,0.227961,0.03117,0.03117,2007-05-10 00:00:00,https://www.sec.gov/Archives/edgar/data/320193/000110465907037745/a07-13266_110q.htm,680000000,1851000000,0.35017,1136000000.0,0.214907,362000000.0,0.0,https://www.sec.gov/Archives/edgar/data/320193/000110465907037745/0001104659-07-037745-index.html,774000000.0,0.146425,863000000,988000000.0,0.186909,148000000.0,Q2,183000000,5286000000,0.0,AAPL,148000000.0,24828000000,24828000000
2007-02-02 06:23:10,5798000000,4900000000,2006-12-30,74000000.0,1525000000,0.214095,0.04088,0.04088,2007-02-02,https://www.sec.gov/Archives/edgar/data/320193/000110465906084288/a06-25759_210k.htm,714000000,2223000000,0.312088,1451000000.0,0.203706,440000000.0,0.0,https://www.sec.gov/Archives/edgar/data/320193/000110465906084288/a06-25759_210k.htm,1011000000.0,0.141935,898000000,1325000000.0,0.186017,126000000.0,Q1,184000000,7123000000,0.0,AAPL,126000000.0,24732000000,24732000000
2006-12-29 06:05:58,4229000000,3425000000,2006-09-30,66000000.0,907000000,0.187513,0.02203,0.02203,2006-12-29,https://www.sec.gov/Archives/edgar/data/320193/000110465906084288/a06-25759_210k.htm,625000000,1412000000,0.291916,721000000.0,0.149059,179000000.0,120000000.0,https://www.sec.gov/Archives/edgar/data/320193/000110465906084288/a06-25759_210k.htm,542000000.0,0.112053,804000000,608000000.0,0.125698,165000000.0,Q4,179000000,4837000000,0.0,AAPL,-7000000.0,24604000000,24604000000
2006-12-29 06:01:37,3804000000,3045000000,2006-07-01,57000000.0,817000000,0.186957,0.01923,0.01923,2006-12-29,https://www.sec.gov/Archives/edgar/data/320193/000110465906084286/a06-23473_110q.htm,584000000,1325000000,0.303204,661000000.0,0.151259,189000000.0,99000000.0,https://www.sec.gov/Archives/edgar/data/320193/000110465906084286/a06-23473_110q.htm,472000000.0,0.108009,759000000,566000000.0,0.129519,95000000.0,Q3,175000000,4370000000,0.0,AAPL,-4000000.0,24540000000,24540000000
2006-05-04 20:26:47,3830000000,3062000000,2006-04-01,50000000.0,742000000,0.170223,0.01667,0.01667,2006-05-05,https://www.sec.gov/Archives/edgar/data/320193/000110465906031303/a06-10806_110q.htm,592000000,1297000000,0.297545,605000000.0,0.138793,195000000.0,87000000.0,https://www.sec.gov/Archives/edgar/data/320193/000110465906031303/a06-10806_110q.htm,410000000.0,0.094058,768000000,529000000.0,0.121358,76000000.0,Q2,176000000,4359000000,0.0,AAPL,-11000000.0,24600000000,24600000000
2006-02-03 16:20:30,4999000000,4185000000,2005-12-31,52000000.0,971000000,0.168899,0.02308,0.02308,2006-02-03,https://www.sec.gov/Archives/edgar/data/320193/000110465905058421/a05-20674_110k.htm,632000000,1564000000,0.272047,831000000.0,0.144547,266000000.0,88000000.0,https://www.sec.gov/Archives/edgar/data/320193/000110465905058421/a05-20674_110k.htm,565000000.0,0.098278,814000000,750000000.0,0.130457,81000000.0,Q1,182000000,5749000000,0.0,AAPL,-7000000.0,24476000000,24476000000
2005-11-30 21:22:48,3260000000,2643000000,2005-09-24,51000000.0,594000000,0.161501,0.01772,0.01772,2005-12-01,https://www.sec.gov/Archives/edgar/data/320193/000110465905058421/a05-20674_110k.htm,470000000,1035000000,0.281403,478000000.0,0.129962,48000000.0,65000000.0,https://www.sec.gov/Archives/edgar/data/320193/000110465905058421/a05-20674_110k.htm,430000000.0,0.116911,617000000,418000000.0,0.113649,60000000.0,Q4,147000000,3678000000,0.0,AAPL,-5000000.0,24260000000,24260000000
2005-08-02 20:15:08,3093000000,2476000000,2005-06-25,46000000.0,570000000,0.161932,0.01328,0.01328,2005-08-03,https://www.sec.gov/Archives/edgar/data/320193/000110465905035792/a05-12535_110q.htm,472000000,1044000000,0.296591,473000000.0,0.134375,153000000.0,51000000.0,https://www.sec.gov/Archives/edgar/data/320193/000110465905035792/a05-12535_110q.htm,320000000.0,0.090909,617000000,427000000.0,0.121307,46000000.0,Q3,145000000,3520000000,0.0,AAPL,-5000000.0,24100000000,24100000000
2005-05-04 17:14:56,2847000000,2276000000,2005-03-26,41000000.0,509000000,0.156953,0.01193,0.01193,2005-05-04,https://www.sec.gov/Archives/edgar/data/320193/000110465905020421/a05-7551_110q.htm,451000000,967000000,0.298181,429000000.0,0.132285,144000000.0,39000000.0,https://www.sec.gov/Archives/edgar/data/320193/000110465905020421/a05-7551_110q.htm,285000000.0,0.087882,571000000,396000000.0,0.122109,33000000.0,Q2,120000000,3243000000,0.0,AAPL,-6000000.0,23896000000,23896000000
2005-02-01 17:25:52,3087000000,2494000000,2004-12-25,41000000.0,498000000,0.142693,0.01257,0.01257,2005-02-01,https://www.sec.gov/Archives/edgar/data/320193/000104746904035975/a2147337z10-k.htm,470000000,996000000,0.285387,429000000.0,0.122923,134000000.0,28000000.0,https://www.sec.gov/Archives/edgar/data/320193/000104746904035975/a2147337z10-k.htm,295000000.0,0.084527,593000000,403000000.0,0.115473,26000000.0,Q1,123000000,3490000000,0.0,AAPL,-2000000.0,23468000000,23468000000
2004-12-02 18:05:49,2222000000,1716000000,2004-09-25,40000000.0,204000000,0.086809,0.0047,0.0047,2004-12-03,https://www.sec.gov/Archives/edgar/data/320193/000104746904035975/a2147337z10-k.htm,379000000,634000000,0.269787,147000000.0,0.062553,41000000.0,17000000.0,https://www.sec.gov/Archives/edgar/data/320193/000104746904035975/a2147337z10-k.htm,106000000.0,0.045106,506000000,128000000.0,0.054468,5000000.0,Q4,122000000,2350000000,0.0,AAPL,2000000.0,22564000000,22564000000
2004-08-04 20:48:51,1942000000,1455000000,2004-06-26,41000000.0,141000000,0.07001,0.00277,0.00277,2004-08-05,https://www.sec.gov/Archives/edgar/data/320193/000110465904022384/a04-8198_110q.htm,354000000,559000000,0.277557,85000000.0,0.042205,24000000.0,15000000.0,https://www.sec.gov/Archives/edgar/data/320193/000110465904022384/a04-8198_110q.htm,61000000.0,0.030288,487000000,72000000.0,0.03575,8000000.0,Q3,125000000,2014000000,0.0,AAPL,-2000000.0,21988000000,21988000000
2004-05-06 17:26:09,1857000000,1379000000,2004-03-27,36000000.0,114000000,0.059717,0.00217,0.00217,2004-05-06,https://www.sec.gov/Archives/edgar/data/320193/000110465904013021/a04-5089_110q.htm,345000000,530000000,0.277632,64000000.0,0.033525,18000000.0,14000000.0,https://www.sec.gov/Archives/edgar/data/320193/000110465904013021/a04-5089_110q.htm,46000000.0,0.024096,478000000,52000000.0,0.027239,-3000000.0,Q2,123000000,1909000000,0.0,AAPL,-2000000.0,21180000000,21180000000
2004-02-09 19:57:13,1932000000,1470000000,2003-12-27,33000000.0,136000000,0.067797,0.00302,0.00302,2004-02-10,https://www.sec.gov/Archives/edgar/data/320193/000104746903041604/a2124888z10-k.htm,343000000,536000000,0.267198,87000000.0,0.04337,24000000.0,16000000.0,https://www.sec.gov/Archives/edgar/data/320193/000104746903041604/a2124888z10-k.htm,63000000.0,0.031406,462000000,74000000.0,0.036889,13000000.0,Q1,119000000,2006000000,0.0,AAPL,-3000000.0,20848000000,20848000000
2003-12-19 17:25:45,1684000000,1259000000,2003-09-27,29000000.0,103000000,0.060058,0.00212,0.00212,2003-12-19,https://www.sec.gov/Archives/edgar/data/320193/000104746903041604/a2124888z10-k.htm,314000000,456000000,0.265889,55000000.0,0.03207,14000000.0,16000000.0,https://www.sec.gov/Archives/edgar/data/320193/000104746903041604/a2124888z10-k.htm,44000000.0,0.025656,425000000,31000000.0,0.018076,0.0,Q4,111000000,1715000000,0.0,AAPL,8000000.0,20760000000,20760000000
2003-08-12 16:09:14,1536000000,1117000000,2003-06-28,24000000.0,68000000,0.044013,0.00093,0.00093,2003-08-12,https://www.sec.gov/Archives/edgar/data/320193/000110465903017766/a03-2128_110q.htm,299000000,428000000,0.277023,26000000.0,0.016828,7000000.0,18000000.0,https://www.sec.gov/Archives/edgar/data/320193/000110465903017766/a03-2128_110q.htm,19000000.0,0.012298,419000000,9000000.0,0.005825,0.0,Q3,120000000,1545000000,0.0,AAPL,-1000000.0,20372000000,20372000000
2003-05-13 16:46:50,1479000000,1057000000,2003-03-29,29000000.0,73000000,0.049492,0.00069,0.00069,2003-05-13 00:00:00,https://www.sec.gov/Archives/edgar/data/320193/000110465903009489/j0567_10q.htm,300000000,418000000,0.28339,19000000.0,0.012881,5000000.0,25000000.0,https://www.sec.gov/Archives/edgar/data/320193/000110465903009489/0001104659-03-009489-index.html,14000000.0,0.009492,422000000,-4000000.0,-0.002712,3000000.0,Q2,119000000,1475000000,0.0,AAPL,-2000000.0,20284000000,20284000000
2003-02-10 16:43:14,1509000000,1066000000,2002-12-28,31000000.0,51000000,0.034647,-0.0004,-0.0004,2003-02-10,https://www.sec.gov/Archives/edgar/data/320193/000104746902007674/a2096490z10-k.htm,299000000,406000000,0.275815,-8000000.0,-0.005435,-2000000.0,30000000.0,https://www.sec.gov/Archives/edgar/data/320193/000104746902007674/a2096490z10-k.htm,-8000000.0,-0.005435,443000000,-37000000.0,-0.025136,23000000.0,Q1,121000000,1472000000,0.0,AAPL,-1000000.0,20108000000,20108000000
2002-12-19 17:20:21,1463000000,1062000000,2002-09-28,29000000.0,-75000000,-0.051975,-0.00224,-0.00224,2002-12-19 00:00:00,https://www.sec.gov/Archives/edgar/data/320193/000104746902007674/a2096490z10-k.htm,278000000,381000000,0.264033,-60000000.0,-0.04158,-15000000.0,-44000000.0,https://www.sec.gov/Archives/edgar/data/320193/000104746902007674/0001047469-02-007674-index.html,-45000000.0,-0.031185,401000000,-20000000.0,-0.01386,29000000.0,Q4,116000000,1443000000,0.0,AAPL,4000000.0,20100000000,20100000000
2002-08-09 16:52:48,1416000000,1038000000,2002-06-29,28000000.0,96000000,0.06718,0.00156,0.00156,2002-08-09 00:00:00,https://www.sec.gov/Archives/edgar/data/320193/000091205702030796/a2086025z10-q.htm,272000000,391000000,0.273618,39000000.0,0.027292,7000000.0,29000000.0,https://www.sec.gov/Archives/edgar/data/320193/000091205702030796/0000912057-02-030796-index.html,32000000.0,0.022393,378000000,13000000.0,0.009097,0.0,Q3,106000000,1429000000,0.0,AAPL,-3000000.0,20544000000,20544000000
2002-05-14 17:08:24,1467000000,1086000000,2002-03-30,29000000.0,110000000,0.073579,0.00195,0.00195,2002-05-14 00:00:00,https://www.sec.gov/Archives/edgar/data/320193/000091205702020280/a2079853z10-q.htm,270000000,409000000,0.273579,55000000.0,0.036789,15000000.0,26000000.0,https://www.sec.gov/Archives/edgar/data/320193/000091205702020280/0000912057-02-020280-index.html,40000000.0,0.026756,381000000,28000000.0,0.018729,-24000000.0,Q2,111000000,1495000000,0.0,AAPL,1000000.0,20492000000,20492000000
2002-02-11 00:00:00,1379000000,953000000,2001-12-29,28000000.0,135000000,0.098182,0.0019,0.0019,2002-02-11 00:00:00,https://www.sec.gov/Archives/edgar/data/320193/000091205702004945/a2069685z10-q.htm,289000000,422000000,0.306909,53000000.0,0.038545,15000000.0,54000000.0,https://www.sec.gov/Archives/edgar/data/320193/000091205702004945/0000912057-02-004945-index.html,38000000.0,0.027636,426000000,-4000000.0,-0.002909,24000000.0,Q1,113000000,1375000000,0.0,AAPL,3000000.0,20020000000,20020000000
2001-12-21 00:00:00,1397000000,1013000000,2001-09-29,28000000.0,77000000,0.053103,0.00331,0.00331,2001-12-21,https://www.sec.gov/Archives/edgar/data/320193/000091205701544436/a2066171z10-k405.htm,268000000,437000000,0.301379,94000000.0,0.064828,28000000.0,-45000000.0,https://www.sec.gov/Archives/edgar/data/320193/000091205701544436/a2066171z10-k405.htm,66000000.0,0.045517,384000000,53000000.0,0.036552,0.0,Q4,116000000,1450000000,0.0,AAPL,-1000000.0,19964000000,19964000000
2001-08-13 00:00:00,1444000000,1041000000,2001-06-30,26000000.0,158000000,0.107119,0.00303,0.00303,2001-08-13 00:00:00,https://www.sec.gov/Archives/edgar/data/320193/000091205701528148/a2056203z10-q.htm,281000000,434000000,0.294237,87000000.0,0.058983,26000000.0,45000000.0,https://www.sec.gov/Archives/edgar/data/320193/000091205701528148/0000912057-01-528148-index.html,61000000.0,0.041356,403000000,31000000.0,0.021017,11000000.0,Q3,111000000,1475000000,0.0,AAPL,-2000000.0,20100000000,20100000000
2001-05-14 00:00:00,1439000000,1046000000,2001-03-31,22000000.0,144000000,0.100629,0.00218,0.00218,2001-05-14 00:00:00,https://www.sec.gov/Archives/edgar/data/320193/000091205701515409/a2048698z10-q.htm,292000000,385000000,0.269043,62000000.0,0.043326,19000000.0,60000000.0,https://www.sec.gov/Archives/edgar/data/320193/000091205701515409/0000912057-01-515409-index.html,43000000.0,0.030049,393000000,-8000000.0,-0.00559,0.0,Q2,101000000,1431000000,0.0,AAPL,10000000.0,19756000000,19756000000
2001-02-12 00:00:00,1427000000,1028000000,2000-12-30,24000000.0,-142000000,-0.141013,-0.01033,-0.01033,2001-02-12 00:00:00,https://www.sec.gov/Archives/edgar/data/320193/000091205701004642/a2038036z10-q.txt,297000000,-21000000,-0.020854,-295000000.0,-0.292949,-88000000.0,117000000.0,https://www.sec.gov/Archives/edgar/data/320193/000091205701004642/0000912057-01-004642-index.html,-195000000.0,-0.193644,399000000,-420000000.0,-0.41708,0.0,Q1,102000000,1007000000,0.0,AAPL,8000000.0,18880000000,18880000000
2000-12-14 00:00:00,1786000000,1403000000,2000-09-30,18000000.0,383000000,0.204813,0.00839,0.00839,2000-12-14 00:00:00,https://www.sec.gov/Archives/edgar/data/320193/000091205700053623/a2032880z10-k.txt,282000000,467000000,0.249733,229000000.0,0.12246,59000000.0,136000000.0,https://www.sec.gov/Archives/edgar/data/320193/000091205700053623/0000912057-00-053623-index.html,170000000.0,0.090909,383000000,84000000.0,0.04492,0.0,Q4,101000000,1870000000,0.0,AAPL,9000000.0,20260000000,20260000000
2000-07-31 00:00:00,1657000000,1282000000,2000-07-01,25000000.0,395000000,0.216438,0.00987,0.00987,2000-07-31 00:00:00,https://www.sec.gov/Archives/edgar/data/320193/000091205700033901/a10-q.txt,278000000,543000000,0.297534,270000000.0,0.147945,70000000.0,100000000.0,https://www.sec.gov/Archives/edgar/data/320193/000091205700033901/0000912057-00-033901-index.html,200000000.0,0.109589,375000000,168000000.0,0.092055,0.0,Q3,97000000,1825000000,0.0,AAPL,2000000.0,20260000000,20260000000
2000-05-11 00:00:00,1775000000,1396000000,2000-04-01,21000000.0,484000000,0.248843,0.01143,0.01143,2000-05-11 00:00:00,https://www.sec.gov/Archives/edgar/data/320193/0000912057-00-023442.txt,287000000,549000000,0.282262,319000000.0,0.16401,86000000.0,144000000.0,https://www.sec.gov/Archives/edgar/data/320193/000091205700023442/0000912057-00-023442-index.html,233000000.0,0.119794,379000000,170000000.0,0.087404,0.0,Q2,92000000,1945000000,0.0,AAPL,5000000.0,20384000000,20384000000
,2243000000,1736000000,2000-01-01,20000000.0,470000000,0.200598,0.00916,0.00916,,,409000000,607000000,0.25907,274000000.0,0.116944,91000000.0,176000000.0,,183000000.0,0.078105,507000000,100000000.0,0.04268,0.0,Q1,90000000,2343000000,0.0,AAPL,-2000000.0,19984000000,19984000000
1999-12-22 00:00:00,1287000000,952000000,1999-09-25,19000000.0,223000000,0.166916,0.00561,0.00561,1999-12-22 00:00:00,https://www.sec.gov/Archives/edgar/data/320193/0000912057-99-010244.txt,235000000,384000000,0.287425,125000000.0,0.093563,14000000.0,79000000.0,https://www.sec.gov/Archives/edgar/data/320193/000091205799010244/0000912057-99-010244-index.html,111000000.0,0.083084,335000000,49000000.0,0.036677,0.0,Q4,82000000,1336000000,0.0,AAPL,-3000000.0,19796000000,19796000000
1999-08-06 00:00:00,1454000000,1131000000,1999-06-26,19000000.0,375000000,0.240693,0.01038,0.01038,1999-08-06 00:00:00,https://www.sec.gov/Archives/edgar/data/320193/0000320193-99-000009.txt,243000000,427000000,0.274069,229000000.0,0.146983,26000000.0,127000000.0,https://www.sec.gov/Archives/edgar/data/320193/000032019399000009/0000320193-99-000009-index.html,203000000.0,0.130295,323000000,104000000.0,0.066752,0.0,Q3,80000000,1558000000,0.0,AAPL,-2000000.0,19560000000,19560000000
1999-05-11 00:00:00,1451000000,1127000000,1999-03-27,24000000.0,250000000,0.163399,0.00696,0.00696,1999-05-11 00:00:00,https://www.sec.gov/Archives/edgar/data/320193/0000320193-99-000004.txt,239000000,403000000,0.263399,153000000.0,0.1,18000000.0,73000000.0,https://www.sec.gov/Archives/edgar/data/320193/000032019399000004/0000320193-99-000004-index.html,135000000.0,0.088235,324000000,79000000.0,0.051634,0.0,Q2,76000000,1530000000,0.0,AAPL,1000000.0,19400000000,19400000000
,1583000000,1228000000,1998-12-26,23000000.0,240000000,0.140351,0.00789,0.00789,,,279000000,482000000,0.281871,169000000.0,0.09883,17000000.0,48000000.0,,152000000.0,0.088889,355000000,127000000.0,0.074269,0.0,Q1,76000000,1710000000,0.0,AAPL,-6000000.0,19272000000,19272000000
,1447000000,1139000000,1998-09-25,23000000.0,151000000,0.097044,0.00466,0.00466,,,235000000,417000000,0.267995,114000000.0,0.073265,8000000.0,14000000.0,,106000000.0,0.068123,308000000,109000000.0,0.070051,0.0,Q4,73000000,1556000000,0.0,AAPL,-9000000.0,22728000000,22728000000
1998-08-10 00:00:00,1341000000,1042000000,1998-06-26,32000000.0,192000000,0.136947,0.00525,0.00525,1998-08-10 00:00:00,https://www.sec.gov/Archives/edgar/data/320193/0000320193-98-000008.txt,216000000,360000000,0.256776,109000000.0,0.077746,8000000.0,51000000.0,https://www.sec.gov/Archives/edgar/data/320193/000032019398000008/0000320193-98-000008-index.html,101000000.0,0.07204,299000000,61000000.0,0.043509,0.0,Q3,76000000,1402000000,0.0,AAPL,-3000000.0,19240000000,19240000000
1998-05-11 00:00:00,1354000000,1056000000,1998-03-27,28000000.0,94000000,0.066904,0.00337,0.00337,1998-05-11 00:00:00,https://www.sec.gov/Archives/edgar/data/320193/0000320193-98-000006.txt,223000000,349000000,0.248399,59000000.0,0.041993,4000000.0,7000000.0,https://www.sec.gov/Archives/edgar/data/320193/000032019398000006/0000320193-98-000006-index.html,55000000.0,0.039146,298000000,51000000.0,0.036299,0.0,Q2,75000000,1405000000,0.0,AAPL,1000000.0,16344000000,16344000000
1998-02-09 00:00:00,1538000000,1225000000,1997-12-26,28000000.0,81000000,0.051331,0.003,0.003,1998-02-09 00:00:00,https://www.sec.gov/Archives/edgar/data/320193/0000320193-98-000003.txt,234000000,353000000,0.223701,47000000.0,0.029785,0.0,6000000.0,https://www.sec.gov/Archives/edgar/data/320193/000032019398000003/0000320193-98-000003-index.html,47000000.0,0.029785,313000000,40000000.0,0.025349,0.0,Q1,79000000,1578000000,0.0,AAPL,1000000.0,15660000000,15660000000
1997-12-05 00:00:00,1784000000,1294000000,1997-09-26,41000000.0,-120000000,-0.074349,-0.01127,-0.01127,1997-12-05 00:00:00,https://www.sec.gov/Archives/edgar/data/320193/0001047469-97-006960.txt,259000000,320000000,0.198265,-161000000.0,-0.099752,0.0,0.0,https://www.sec.gov/Archives/edgar/data/320193/000104746997006960/0001047469-97-006960-index.html,-161000000.0,-0.099752,490000000,-170000000.0,-0.105328,0.0,Q4,94000000,1614000000,0.0,AAPL,9000000.0,14292000000,14292000000
1997-08-11 00:00:00,1797000000,1389000000,1997-06-27,22000000.0,-34000000,-0.019574,-0.00395,-0.00395,1997-08-11 00:00:00,https://www.sec.gov/Archives/edgar/data/320193/0000320193-97-000014.txt,307000000,348000000,0.200345,-56000000.0,-0.032239,0.0,0.0,https://www.sec.gov/Archives/edgar/data/320193/000032019397000014/0000320193-97-000014-index.html,-56000000.0,-0.032239,408000000,-60000000.0,-0.034542,0.0,Q3,101000000,1737000000,0.0,AAPL,4000000.0,14168000000,14168000000
1997-05-12 00:00:00,2317000000,1298000000,1997-03-28,30000000.0,-678000000,-0.423485,-0.05033,-0.05033,1997-05-12 00:00:00,https://www.sec.gov/Archives/edgar/data/320193/0000320193-97-000011.txt,348000000,303000000,0.189257,-708000000.0,-0.442224,0.0,0.0,https://www.sec.gov/Archives/edgar/data/320193/000032019397000011/0000320193-97-000011-index.html,-708000000.0,-0.442224,1019000000,-716000000.0,-0.44722,0.0,Q2,141000000,1601000000,0.0,AAPL,8000000.0,14068000000,14068000000
1997-02-10 00:00:00,2253000000,1732000000,1996-12-27,25000000.0,-95000000,-0.044622,-0.0086,-0.0086,1997-02-10 00:00:00,https://www.sec.gov/Archives/edgar/data/320193/0000320193-97-000002.txt,372000000,397000000,0.186473,-120000000.0,-0.056364,0.0,0.0,https://www.sec.gov/Archives/edgar/data/320193/000032019397000002/0000320193-97-000002-index.html,-120000000.0,-0.056364,521000000,-124000000.0,-0.058243,0.0,Q1,149000000,2129000000,0.0,AAPL,4000000.0,13948000000,13948000000
1996-12-19 00:00:00,2287000000,1810000000,1996-09-27,6000000.0,46000000,0.019819,0.00179,0.00179,1996-12-19 00:00:00,https://www.sec.gov/Archives/edgar/data/320193/0000320193-96-000023.txt,359000000,511000000,0.220164,40000000.0,0.017234,15000000.0,0.0,https://www.sec.gov/Archives/edgar/data/320193/000032019396000023/0000320193-96-000023-index.html,25000000.0,0.010771,477000000,34000000.0,0.014649,0.0,Q4,146000000,2321000000,0.0,AAPL,6000000.0,13948000000,13948000000
1996-08-12 00:00:00,2295000000,1776000000,1996-06-28,22000000.0,-29000000,-0.013309,-0.00231,-0.00231,1996-08-12 00:00:00,https://www.sec.gov/Archives/edgar/data/320193/0000320193-96-000018.txt,364000000,403000000,0.184947,-51000000.0,-0.023405,-19000000.0,0.0,https://www.sec.gov/Archives/edgar/data/320193/000032019396000018/0000320193-96-000018-index.html,-32000000.0,-0.014686,519000000,-116000000.0,-0.053235,0.0,Q3,155000000,2179000000,0.0,AAPL,65000000.0,13860000000,13860000000
1996-05-13 00:00:00,3367000000,2606000000,1996-03-29,46000000.0,-1129000000,-0.516705,-0.05344,-0.05344,1996-05-13 00:00:00,https://www.sec.gov/Archives/edgar/data/320193/0000320193-96-000011.txt,404000000,-421000000,-0.192677,-1175000000.0,-0.537757,-435000000.0,0.0,https://www.sec.gov/Archives/edgar/data/320193/000032019396000011/0000320193-96-000011-index.html,-740000000.0,-0.338673,761000000,-1182000000.0,-0.540961,0.0,Q2,150000000,2185000000,0.0,AAPL,7000000.0,13848000000,13848000000
1996-02-12 00:00:00,3267000000,2673000000,1995-12-29,42000000.0,-67000000,-0.021283,-0.00501,-0.00501,1996-02-12 00:00:00,https://www.sec.gov/Archives/edgar/data/320193/0000320193-96-000002.txt,441000000,475000000,0.150889,-109000000.0,-0.034625,-40000000.0,0.0,https://www.sec.gov/Archives/edgar/data/320193/000032019396000002/0000320193-96-000002-index.html,-69000000.0,-0.021919,594000000,-119000000.0,-0.037802,0.0,Q1,153000000,3148000000,0.0,AAPL,10000000.0,13776000000,13776000000
1995-12-19 00:00:00,2931000000,2382000000,1995-09-29,23000000.0,118000000,0.039294,0.00429,0.00429,1995-12-19 00:00:00,https://www.sec.gov/Archives/edgar/data/320193/0000320193-95-000016.txt,378000000,621000000,0.206793,95000000.0,0.031635,35000000.0,0.0,https://www.sec.gov/Archives/edgar/data/320193/000032019395000016/0000320193-95-000016-index.html,60000000.0,0.01998,549000000,72000000.0,0.023976,0.0,Q4,171000000,3003000000,0.0,AAPL,23000000.0,13972000000,13972000000
1995-08-11 00:00:00,2413000000,1847000000,1995-06-30,37000000.0,201000000,0.078058,0.00741,0.00741,1995-08-11 00:00:00,https://www.sec.gov/Archives/edgar/data/320193/0000320193-95-000011.txt,404000000,728000000,0.282718,164000000.0,0.063689,61000000.0,0.0,https://www.sec.gov/Archives/edgar/data/320193/000032019395000011/0000320193-95-000011-index.html,103000000.0,0.04,566000000,162000000.0,0.062913,0.0,Q3,168000000,2575000000,0.0,AAPL,2000000.0,13892000000,13892000000
1995-05-15 00:00:00,2486000000,1957000000,1995-03-31,29000000.0,145000000,0.054676,0.00531,0.00531,1995-05-15 00:00:00,https://www.sec.gov/Archives/edgar/data/320193/0000320193-95-000008.txt,386000000,695000000,0.262066,116000000.0,0.043741,43000000.0,0.0,https://www.sec.gov/Archives/edgar/data/320193/000032019395000008/0000320193-95-000008-index.html,73000000.0,0.027526,529000000,166000000.0,0.062594,0.0,Q2,143000000,2652000000,0.0,AAPL,-50000000.0,13736000000,13736000000
1995-02-09 00:00:00,2548000000,2018000000,1994-12-30,38000000.0,337000000,0.118997,0.0138,0.0138,1995-02-09 00:00:00,https://www.sec.gov/Archives/edgar/data/320193/0000320193-95-000003.txt,415000000,814000000,0.287429,299000000.0,0.105579,111000000.0,0.0,https://www.sec.gov/Archives/edgar/data/320193/000032019395000003/0000320193-95-000003-index.html,188000000.0,0.066384,530000000,284000000.0,0.100282,0.0,Q1,132000000,2832000000,0.0,AAPL,15000000.0,13624000000,13624000000
1994-12-13 00:00:00,2303000000,1814000000,1994-09-30,46000000.0,231000000,0.092659,0.00854,0.00854,1994-12-13 00:00:00,https://www.sec.gov/Archives/edgar/data/320193/0000320193-94-000016.txt,346000000,679000000,0.272363,185000000.0,0.074208,70000000.0,0.0,https://www.sec.gov/Archives/edgar/data/320193/000032019394000016/0000320193-94-000016-index.html,115000000.0,0.046129,489000000,190000000.0,0.076213,0.0,Q4,142000000,2493000000,0.0,AAPL,-5000000.0,13460000000,13460000000
1994-08-12 00:00:00,1917000000,1576000000,1994-07-01,41000000.0,264000000,0.122791,0.01037,0.01037,1994-08-12 00:00:00,https://www.sec.gov/Archives/edgar/data/320193/0000320193-94-000013.txt,333000000,574000000,0.266977,223000000.0,0.103721,85000000.0,0.0,https://www.sec.gov/Archives/edgar/data/320193/000032019394000013/0000320193-94-000013-index.html,138000000.0,0.064186,341000000,232000000.0,0.107907,0.0,Q3,135000000,2150000000,0.0,AAPL,-10000000.0,13312000000,13312000000
,2042000000,1578000000,1994-04-01,38000000.0,66000000,0.031777,0.00128,0.00128,,,330000000,499000000,0.24025,28000000.0,0.013481,11000000.0,0.0,,17000000.0,0.008185,464000000,35000000.0,0.016851,0.0,Q2,134000000,2077000000,0.0,AAPL,-7000000.0,13320000000,13320000000
1994-01-26 00:00:00,2404000000,1877000000,1993-12-31,43000000.0,108000000,0.043742,0.00305,0.00305,1994-01-26 00:00:00,https://www.sec.gov/Archives/edgar/data/320193/0000320193-94-000002.txt,375000000,592000000,0.239773,65000000.0,0.026326,25000000.0,0.0,https://www.sec.gov/Archives/edgar/data/320193/000032019394000002/0000320193-94-000002-index.html,40000000.0,0.016201,527000000,65000000.0,0.026326,0.0,Q1,153000000,2469000000,0.0,AAPL,0.0,13100000000,13100000000
,2134000000,1590000000,1993-09-24,42000000.0,47000000,0.021952,0.00023,0.00023,,,379000000,550000000,0.256889,4000000.0,0.001868,2000000.0,0.0,,3000000.0,0.001401,544000000,7000000.0,0.00327,0.0,Q4,164000000,2141000000,0.0,AAPL,-3000000.0,13304000000,13304000000
,2169000000,1256000000,1993-06-25,42000000.0,-261000000,-0.140172,-0.01451,-0.01451,,,418000000,606000000,0.325456,-304000000.0,-0.163265,-115000000.0,0.0,,-188000000.0,-0.100967,913000000,-307000000.0,-0.164876,0.0,Q3,174000000,1862000000,0.0,AAPL,3000000.0,12956000000,12956000000
,1805000000,1213000000,1993-03-26,43000000.0,222000000,0.112462,0.0082,0.0082,,,426000000,761000000,0.385512,179000000.0,0.090679,68000000.0,0.0,,111000000.0,0.056231,592000000,169000000.0,0.085613,0.0,Q2,166000000,1974000000,0.0,AAPL,10000000.0,13540000000,13540000000
,1760000000,1189000000,1992-12-25,39000000.0,299000000,0.1495,0.01187,0.01187,,,410000000,811000000,0.4055,260000000.0,0.13,99000000.0,0.0,,161000000.0,0.0805,571000000,241000000.0,0.1205,0.0,Q1,160000000,2000000000,0.0,AAPL,19000000.0,13568000000,13568000000
,1636000000,1013000000,1992-09-25,60000000.0,218000000,0.123303,0.00724,0.00724,,,445000000,755000000,0.427036,157000000.0,0.088801,60000000.0,0.0,,98000000.0,0.05543,623000000,132000000.0,0.074661,0.0,Q4,179000000,1768000000,0.0,AAPL,26000000.0,13536000000,13536000000
,1539000000,969000000,1992-06-26,57000000.0,270000000,0.155172,0.00959,0.00959,,,414000000,771000000,0.443103,212000000.0,0.121839,81000000.0,0.0,,132000000.0,0.075862,570000000,201000000.0,0.115517,0.0,Q3,157000000,1740000000,0.0,AAPL,11000000.0,13768000000,13768000000
,1506000000,960000000,1992-03-27,50000000.0,268000000,0.156177,0.00972,0.00972,,,409000000,756000000,0.440559,218000000.0,0.12704,83000000.0,0.0,,135000000.0,0.078671,546000000,210000000.0,0.122378,0.0,Q2,136000000,1716000000,0.0,AAPL,7000000.0,13892000000,13892000000
,1600000000,1049000000,1991-12-27,50000000.0,318000000,0.170692,0.01213,0.01213,,,420000000,813000000,0.436393,268000000.0,0.143854,102000000.0,0.0,,166000000.0,0.089104,551000000,263000000.0,0.14117,0.0,Q1,131000000,1863000000,0.0,AAPL,5000000.0,13680000000,13680000000
,1386000000,852000000,1991-09-27,58000000.0,189000000,0.125415,0.00596,0.00596,,,389000000,655000000,0.434638,131000000.0,0.086928,50000000.0,0.0,,81000000.0,0.053749,534000000,121000000.0,0.080292,0.0,Q4,145000000,1507000000,0.0,AAPL,10000000.0,13580000000,13580000000
,1617000000,828000000,1991-06-28,53000000.0,-33000000,-0.021583,-0.00395,-0.00395,,,413000000,700000000,0.457816,-86000000.0,-0.056246,-33000000.0,0.0,,-53000000.0,-0.034663,789000000,-89000000.0,-0.058208,0.0,Q3,152000000,1529000000,0.0,AAPL,3000000.0,13420000000,13420000000
,1411000000,819000000,1991-03-29,46000000.0,257000000,0.160826,0.00958,0.00958,,,446000000,779000000,0.487484,212000000.0,0.132666,80000000.0,0.0,,131000000.0,0.081977,592000000,187000000.0,0.117021,0.0,Q2,146000000,1598000000,0.0,AAPL,25000000.0,13680000000,13680000000
,1447000000,815000000,1990-12-28,47000000.0,290000000,0.173031,0.01143,0.01143,,,492000000,861000000,0.513723,243000000.0,0.144988,92000000.0,0.0,,151000000.0,0.090095,632000000,228000000.0,0.136038,0.0,Q1,140000000,1676000000,0.0,AAPL,14000000.0,13208000000,13208000000
,1214000000,652000000,1990-09-28,61000000.0,222000000,0.163959,0.00715,0.00715,,,429000000,702000000,0.518464,161000000.0,0.118907,63000000.0,0.0,,98000000.0,0.072378,562000000,141000000.0,0.104136,0.0,Q4,132000000,1354000000,0.0,AAPL,21000000.0,13700000000,13700000000
,1183000000,628000000,1990-06-29,50000000.0,247000000,0.180952,0.00861,0.00861,,,430000000,737000000,0.539927,196000000.0,0.14359,77000000.0,0.0,,120000000.0,0.087912,555000000,182000000.0,0.133333,0.0,Q3,124000000,1365000000,0.0,AAPL,14000000.0,13940000000,13940000000
,1147000000,610000000,1990-03-30,44000000.0,260000000,0.193165,0.00928,0.00928,,,422000000,737000000,0.547548,216000000.0,0.160475,84000000.0,0.0,,132000000.0,0.098068,537000000,199000000.0,0.147845,0.0,Q2,115000000,1346000000,0.0,AAPL,17000000.0,14220000000,14220000000
,1303000000,716000000,1989-12-29,48000000.0,253000000,0.169457,0.00862,0.00862,,,481000000,777000000,0.520429,205000000.0,0.137307,80000000.0,0.0,,125000000.0,0.083724,587000000,190000000.0,0.127261,0.0,Q1,106000000,1493000000,0.0,AAPL,15000000.0,14504000000,14504000000
,1212000000,677000000,1989-09-29,40000000.0,304000000,0.219653,0.01107,0.01107,,,422000000,706000000,0.510116,264000000.0,0.190751,103000000.0,0.0,,161000000.0,0.116329,535000000,172000000.0,0.124277,0.0,Q4,113000000,1384000000,0.0,AAPL,92000000.0,14548000000,14548000000
,1098000000,631000000,1989-06-30,85000000.0,242000000,0.19391,0.00663,0.00663,,,363000000,617000000,0.494391,158000000.0,0.126603,61000000.0,0.0,,96000000.0,0.076923,467000000,150000000.0,0.120192,0.0,Q3,103000000,1248000000,0.0,AAPL,8000000.0,14480000000,14480000000
