date,symbol,fillingDate,acceptedDate,period,cashAndCashEquivalents,shortTermInvestments,cashAndShortTermInvestments,netReceivables,inventory,otherCurrentAssets,totalCurrentAssets,propertyPlantEquipmentNet,goodwill,intangibleAssets,goodwillAndIntangibleAssets,longTermInvestments,taxAssets,otherNonCurrentAssets,totalNonCurrentAssets,otherAssets,totalAssets,accountPayables,shortTermDebt,taxPayables,deferredRevenue,otherCurrentLiabilities,totalCurrentLiabilities,longTermDebt,deferredRevenueNonCurrent,deferredTaxLiabilitiesNonCurrent,otherNonCurrentLiabilities,totalNonCurrentLiabilities,otherLiabilities,totalLiabilities,commonStock,retainedEarnings,accumulatedOtherComprehensiveIncomeLoss,othertotalStockholdersEquity,totalStockholdersEquity,totalLiabilitiesAndStockholdersEquity,totalInvestments,totalDebt,netDebt,link,finalLink
2020-06-28,QCOM,2020-07-29 00:00:00,2020-07-29 16:17:38,Q3,6120000000.0,4480000000.0,10600000000.0,1847000000,2343000000.0,768000000.0,15558000000,3945000000,6299000000.0,1749000000.0,8048000000.0,963000000.0,0.0,3814000000.0,16770000000,4582000000.0,32328000000,2046000000.0,500000000.0,1872000000.0,550000000.0,4220000000.0,7914000000,15425000000.0,864000000.0,1872000000.0,5683000000.0,21108000000.0,5683000000.0,29022000000,113000000.0,3081000000.0,224000000.0,112000000.0,3306000000.0,32328000000,5443000000.0,15925000000.0,9805000000.0,https://www.sec.gov/Archives/edgar/data/804328/000172894920000057/0001728949-20-000057-index.htm,https://www.sec.gov/Archives/edgar/data/804328/000172894920000057/qcom-20200628.htm
2020-03-29,QCOM,2020-04-29 00:00:00,2020-04-29 16:15:43,Q2,8403000000.0,1543000000.0,9946000000.0,3081000000,1700000000.0,586000000.0,15313000000,3833000000,6294000000.0,1889000000.0,8183000000.0,936000000.0,0.0,3673000000.0,16625000000,4259000000.0,31938000000,2061000000.0,499000000.0,1879000000.0,529000000.0,4383000000.0,9774000000,13449000000.0,968000000.0,1879000000.0,5670000000.0,19119000000.0,5670000000.0,28893000000,0.0,2990000000.0,110000000.0,55000000.0,3045000000.0,31938000000,2479000000.0,15948000000.0,7545000000.0,https://www.sec.gov/Archives/edgar/data/804328/000172894920000031/0001728949-20-000031-index.html,https://www.sec.gov/Archives/edgar/data/804328/000172894920000031/qcom-20200329.htm
2019-12-29,QCOM,2020-02-05 00:00:00,2020-02-05 16:07:43,Q1,11109000000.0,314000000.0,11423000000.0,2737000000,1420000000.0,625000000.0,16205000000,3650000000,6297000000.0,2045000000.0,8342000000.0,0.0,0.0,4914000000.0,16906000000,5539000000.0,33111000000,1718000000.0,499000000.0,2054000000.0,511000000.0,3903000000.0,9194000000,13437000000.0,1061000000.0,2054000000.0,5967000000.0,19404000000.0,5967000000.0,28598000000,0.0,4376000000.0,274000000.0,137000000.0,4513000000.0,33111000000,314000000.0,15935000000.0,4826000000.0,https://www.sec.gov/Archives/edgar/data/804328/000172894920000011/0001728949-20-000011-index.html,https://www.sec.gov/Archives/edgar/data/804328/000172894920000011/qcom12291910-q.htm
2019-09-29,QCOM,2019-11-06 00:00:00,2019-11-06 16:08:43,Q4,11839000000.0,421000000.0,12260000000.0,2471000000,1400000000.0,634000000.0,16765000000,3081000000,6282000000.0,2172000000.0,8454000000.0,1130000000.0,0.0,3527000000.0,16192000000,4161000000.0,32957000000,1368000000.0,499000000.0,2088000000.0,565000000.0,2644000000.0,8935000000,13437000000.0,1160000000.0,2088000000.0,5676000000.0,19113000000.0,5676000000.0,28048000000,343000000.0,4466000000.0,100000000.0,-86000000.0,4909000000.0,32957000000,1551000000.0,15933000000.0,4094000000.0,https://www.sec.gov/Archives/edgar/data/804328/000172894919000072/0001728949-19-000072-index.html,https://www.sec.gov/Archives/edgar/data/804328/000172894919000072/qcom10-k2019.htm
2019-06-30,QCOM,2019-07-31 00:00:00,2019-07-31 16:13:42,Q3,13923000000.0,435000000.0,14358000000.0,2390000000,1774000000.0,682000000.0,19204000000,3037000000,6308000000.0,2350000000.0,8658000000.0,1130000000.0,0.0,2104000000.0,14929000000,2786000000.0,34133000000,1587000000.0,998000000.0,2114000000.0,527000000.0,3822000000.0,10853000000,13426000000.0,1251000000.0,2114000000.0,4391000000.0,17817000000.0,4391000000.0,28670000000,581000000.0,4687000000.0,195000000.0,9000000.0,5463000000.0,34133000000,1565000000.0,16426000000.0,2503000000.0,https://www.sec.gov/Archives/edgar/data/804328/000172894919000055/0001728949-19-000055-index.html,https://www.sec.gov/Archives/edgar/data/804328/000172894919000055/qcom06301910-q.htm
2019-03-31,QCOM,2019-05-01 00:00:00,2019-05-01 16:11:35,Q2,10135000000.0,195000000.0,10330000000.0,3638000000,1725000000.0,631000000.0,16324000000,2945000000,6299000000.0,2510000000.0,8809000000.0,1133000000.0,0.0,4812000000.0,17699000000,5443000000.0,34023000000,1667000000.0,0.0,1849000000.0,478000000.0,6082000000.0,10517000000,15405000000.0,1330000000.0,1849000000.0,4235000000.0,19640000000.0,4235000000.0,30157000000,384000000.0,3309000000.0,173000000.0,-13000000.0,3866000000.0,34023000000,1328000000.0,16403000000.0,6268000000.0,https://www.sec.gov/Archives/edgar/data/804328/000172894919000036/0001728949-19-000036-index.html,https://www.sec.gov/Archives/edgar/data/804328/000172894919000036/qcom03311910-q.htm
2018-12-30,QCOM,2019-01-30 00:00:00,2019-01-30 16:08:22,Q1,10066000000.0,249000000.0,10315000000.0,3426000000,1698000000.0,855000000.0,16294000000,2932000000,6295000000.0,2746000000.0,9041000000.0,0.0,0.0,4885000000.0,17952000000,5740000000.0,34246000000,1422000000.0,0.0,2174000000.0,484000000.0,6160000000.0,10556000000,15388000000.0,1420000000.0,2174000000.0,4685000000.0,20073000000.0,4685000000.0,30629000000,0.0,3415000000.0,0.0,15000000.0,3617000000.0,34246000000,249000000.0,16386000000.0,6320000000.0,https://www.sec.gov/Archives/edgar/data/804328/000172894919000012/0001728949-19-000012-index.html,https://www.sec.gov/Archives/edgar/data/804328/000172894919000012/qcom12301810-q.htm
2018-09-30,QCOM,2018-11-07 00:00:00,2018-11-07 16:15:48,Q4,11777000000.0,311000000.0,12088000000.0,2904000000,1693000000.0,699000000.0,17384000000,2975000000,6498000000.0,2955000000.0,9453000000.0,0.0,0.0,2906000000.0,15334000000,3605000000.0,32718000000,1825000000.0,1005000000.0,2312000000.0,500000000.0,6311000000.0,11389000000,15365000000.0,1620000000.0,2312000000.0,5157000000.0,20522000000.0,5157000000.0,31911000000,0.0,542000000.0,265000000.0,22000000.0,807000000.0,32718000000,311000000.0,16370000000.0,4593000000.0,https://www.sec.gov/Archives/edgar/data/804328/000172894918000095/0001728949-18-000095-index.html,https://www.sec.gov/Archives/edgar/data/804328/000172894918000095/qcom10-k2018.htm
2018-06-24,QCOM,2018-07-25 00:00:00,2018-07-25 16:10:05,Q3,35619000000.0,291000000.0,35910000000.0,3163000000,1785000000.0,3460000000.0,44318000000,3073000000,6630000000.0,3174000000.0,9804000000.0,35000000.0,0.0,4860000000.0,17772000000,8320000000.0,62090000000,1644000000.0,3190000000.0,2659000000.0,507000000.0,4766000000.0,16212000000,15378000000.0,1708000000.0,2659000000.0,7432000000.0,22810000000.0,7432000000.0,39022000000,0.0,22745000000.0,323000000.0,110000000.0,23068000000.0,62090000000,326000000.0,22481000000.0,-13138000000.0,https://www.sec.gov/Archives/edgar/data/804328/000172894918000075/0001728949-18-000075-index.html,https://www.sec.gov/Archives/edgar/data/804328/000172894918000075/qcom06241810-q.htm
2018-03-25,QCOM,2018-04-25 00:00:00,2018-04-25 16:07:36,Q2,37946000000.0,1625000000.0,39571000000.0,3535000000,1797000000.0,641000000.0,45544000000,3224000000,6676000000.0,3435000000.0,10111000000.0,35000000.0,0.0,5212000000.0,18582000000,5853000000.0,64126000000,1454000000.0,2234000000.0,3277000000.0,502000000.0,4823000000.0,12660000000,19361000000.0,1803000000.0,3277000000.0,8286000000.0,27647000000.0,8286000000.0,40307000000,495000000.0,22779000000.0,545000000.0,337000000.0,23819000000.0,64126000000,1660000000.0,23094000000.0,-14852000000.0,https://www.sec.gov/Archives/edgar/data/804328/000172894918000039/0001728949-18-000039-index.html,https://www.sec.gov/Archives/edgar/data/804328/000172894918000039/qcom03251810-q.htm
2017-12-24,QCOM,2018-01-31 00:00:00,2018-01-31 16:10:12,Q1,33362000000.0,2041000000.0,35403000000.0,3053000000,1872000000.0,638000000.0,40966000000,3224000000,6638000000.0,3548000000.0,10186000000.0,4447000000.0,0.0,5528000000.0,23385000000,6166000000.0,64351000000,1685000000.0,1968000000.0,3867000000.0,487000000.0,4653000000.0,12027000000,19381000000.0,1906000000.0,3867000000.0,9019000000.0,28400000000.0,9019000000.0,40427000000,265000000.0,23273000000.0,386000000.0,164000000.0,23924000000.0,64351000000,6488000000.0,22846000000.0,-10516000000.0,https://www.sec.gov/Archives/edgar/data/804328/000172894918000011/0001728949-18-000011-index.html,https://www.sec.gov/Archives/edgar/data/804328/000172894918000011/qcom12241710-q.htm
2017-09-24,QCOM,2017-11-01 00:00:00,2017-11-01 16:10:14,Q4,35029000000.0,2279000000.0,37308000000.0,3632000000,2035000000.0,618000000.0,43593000000,3216000000,6623000000.0,3737000000.0,10360000000.0,1270000000.0,0.0,7047000000.0,21893000000,7665000000.0,65486000000,1971000000.0,999000000.0,0.0,502000000.0,5258000000.0,10907000000,19398000000.0,2003000000.0,2900000000.0,4435000000.0,23833000000.0,4435000000.0,34740000000,274000000.0,30088000000.0,384000000.0,166000000.0,30746000000.0,65486000000,3549000000.0,21893000000.0,-13136000000.0,https://www.sec.gov/Archives/edgar/data/804328/000123445217000190/0001234452-17-000190-index.html,https://www.sec.gov/Archives/edgar/data/804328/000123445217000190/qcom10-k2017.htm
2017-06-25,QCOM,2017-07-19 00:00:00,2017-07-19 16:10:17,Q3,14909000000.0,5954000000.0,20863000000.0,3532000000,2002000000.0,624000000.0,27021000000,3164000000,6523000000.0,3880000000.0,10403000000.0,16889000000.0,0.0,6902000000.0,37358000000,7526000000.0,64379000000,1508000000.0,999000000.0,0.0,513000000.0,4071000000.0,9163000000,19403000000.0,2111000000.0,2747000000.0,4530000000.0,23922000000.0,4530000000.0,33085000000,225000000.0,30778000000.0,291000000.0,-8000000.0,31294000000.0,64379000000,22843000000.0,21898000000.0,6989000000.0,https://www.sec.gov/Archives/edgar/data/804328/000123445217000154/0001234452-17-000154-index.html,https://www.sec.gov/Archives/edgar/data/804328/000123445217000154/qcom06251710-q.htm
2017-03-26,QCOM,2017-04-19 00:00:00,2017-04-19 16:28:27,Q2,7124000000.0,2858000000.0,9982000000.0,4201000000,2066000000.0,659000000.0,16908000000,3065000000,6497000000.0,4084000000.0,10581000000.0,18876000000.0,0.0,6649000000.0,39171000000,7308000000.0,56079000000,1289000000.0,1998000000.0,0.0,513000000.0,4068000000.0,10145000000,9939000000.0,2220000000.0,2458000000.0,4661000000.0,14590000000.0,4661000000.0,24735000000,0.0,30768000000.0,230000000.0,-102000000.0,31344000000.0,56079000000,21734000000.0,11937000000.0,4813000000.0,https://www.sec.gov/Archives/edgar/data/804328/000123445217000077/0001234452-17-000077-index.html,https://www.sec.gov/Archives/edgar/data/804328/000123445217000077/qcom03261710-q.htm
2016-12-25,QCOM,2017-01-25 00:00:00,2017-01-25 16:15:11,Q1,6885000000.0,3927000000.0,10812000000.0,2085000000,1910000000.0,972000000.0,15779000000,2270000000,5686000000.0,3338000000.0,9024000000.0,18973000000.0,0.0,6320000000.0,36587000000,7292000000.0,52366000000,1648000000.0,1749000000.0,0.0,487000000.0,3732000000.0,7994000000,9935000000.0,2278000000.0,2312000000.0,3231000000.0,13157000000.0,3231000000.0,21151000000,214000000.0,30815000000.0,186000000.0,-112000000.0,31215000000.0,52366000000,22900000000.0,11684000000.0,4799000000.0,https://www.sec.gov/Archives/edgar/data/804328/000123445217000028/0001234452-17-000028-index.html,https://www.sec.gov/Archives/edgar/data/804328/000123445217000028/qcom12251610-q.htm
2016-09-25,QCOM,2016-11-02 00:00:00,2016-11-02 16:11:53,Q4,5946000000.0,12702000000.0,18648000000.0,2219000000,1556000000.0,558000000.0,22981000000,2306000000,5679000000.0,3500000000.0,9179000000.0,13702000000.0,0.0,4191000000.0,29378000000,4749000000.0,52359000000,1858000000.0,1749000000.0,0.0,509000000.0,2770000000.0,7311000000,10008000000.0,2377000000.0,2030000000.0,3272000000.0,13270000000.0,3272000000.0,20581000000,414000000.0,30936000000.0,428000000.0,-104000000.0,31778000000.0,52359000000,26404000000.0,11757000000.0,5811000000.0,https://www.sec.gov/Archives/edgar/data/804328/000123445216000552/0001234452-16-000552-index.html,https://www.sec.gov/Archives/edgar/data/804328/000123445216000552/qcom10-k2016.htm
2016-06-26,QCOM,2016-07-20,2016-07-20 16:11:32,Q3,5885000000.0,11225000000.0,17110000000.0,1939000000,1338000000.0,592000000.0,20979000000,2341000000,5657000000.0,3669000000.0,9326000000.0,13922000000.0,0.0,4218000000.0,29807000000,4810000000.0,50786000000,1572000000.0,1749000000.0,0.0,535000000.0,2648000000.0,6843000000,10024000000.0,2426000000.0,2075000000.0,3281000000.0,13296000000.0,3281000000.0,20139000000,0.0,30134000000.0,344000000.0,-94000000.0,30647000000.0,50786000000,25147000000.0,11773000000.0,5888000000.0,https://www.sec.gov/Archives/edgar/data/804328/000123445216000483/qcom6261610-q.htm,https://www.sec.gov/Archives/edgar/data/804328/000123445216000483/qcom6261610-q.htm
2016-03-27,QCOM,2016-04-20 00:00:00,2016-04-20 16:21:10,Q2,5775000000.0,10627000000.0,16402000000.0,1738000000,1427000000.0,590000000.0,20157000000,2391000000,5657000000.0,3896000000.0,9553000000.0,13582000000.0,0.0,4377000000.0,29903000000,4967000000.0,50060000000,1452000000.0,1949000000.0,0.0,791000000.0,2840000000.0,7026000000,9993000000.0,2526000000.0,2203000000.0,3404000000.0,13389000000.0,3404000000.0,20415000000,0.0,29485000000.0,160000000.0,-119000000.0,29645000000.0,50060000000,24209000000.0,11942000000.0,6167000000.0,https://www.sec.gov/Archives/edgar/data/804328/000123445216000429/0001234452-16-000429-index.html,https://www.sec.gov/Archives/edgar/data/804328/000123445216000429/qcom3271610-q.htm
2015-12-27,QCOM,2016-01-27 00:00:00,2016-01-27 16:18:39,Q1,6913000000.0,9615000000.0,16528000000.0,1323000000,1216000000.0,1271000000.0,20338000000,2484000000,5669000000.0,4068000000.0,9737000000.0,14063000000.0,0.0,3607000000.0,29891000000,4878000000.0,50229000000,1359000000.0,1000000000.0,0.0,639000000.0,3249000000.0,6503000000,9950000000.0,2630000000.0,1616000000.0,3543000000.0,13485000000.0,3543000000.0,19988000000,0.0,30172000000.0,69000000.0,-128000000.0,30241000000.0,50229000000,23678000000.0,10950000000.0,4037000000.0,https://www.sec.gov/Archives/edgar/data/804328/000123445216000352/0001234452-16-000352-index.html,https://www.sec.gov/Archives/edgar/data/804328/000123445216000352/qcom12271510-q.htm
2015-09-27,QCOM,2015-11-04 00:00:00,2015-11-04 16:26:47,Q4,7560000000.0,9761000000.0,17321000000.0,1964000000,1492000000.0,1322000000.0,22099000000,2534000000,5479000000.0,3742000000.0,9221000000.0,13626000000.0,0.0,3316000000.0,28697000000,4638000000.0,50796000000,1300000000.0,1000000000.0,0.0,583000000.0,2939000000.0,6100000000,9969000000.0,2496000000.0,1453000000.0,3313000000.0,13275000000.0,3313000000.0,19375000000,0.0,31226000000.0,195000000.0,-102000000.0,31421000000.0,50796000000,23387000000.0,10969000000.0,3409000000.0,https://www.sec.gov/Archives/edgar/data/804328/000123445215000271/0001234452-15-000271-index.html,https://www.sec.gov/Archives/edgar/data/804328/000123445215000271/qcom10-k2015.htm
2015-06-28,QCOM,2015-07-22 00:00:00,2015-07-22 16:18:54,Q3,9987000000.0,11344000000.0,21331000000.0,1961000000,1583000000.0,1053000000.0,25928000000,2574000000,4259000000.0,2405000000.0,6664000000.0,13894000000.0,0.0,3235000000.0,26367000000,4288000000.0,52295000000,1412000000.0,1000000000.0,0.0,680000000.0,2974000000.0,6083000000,9913000000.0,2576000000.0,472000000.0,3103000000.0,13010000000.0,3103000000.0,19093000000,0.0,32699000000.0,503000000.0,-62000000.0,33202000000.0,52295000000,25238000000.0,10913000000.0,926000000.0,https://www.sec.gov/Archives/edgar/data/804328/000123445215000208/0001234452-15-000208-index.html,https://www.sec.gov/Archives/edgar/data/804328/000123445215000208/qcom6281510-q.htm
2015-03-29,QCOM,2015-04-22 00:00:00,2015-04-22 16:24:39,Q2,5492000000.0,10063000000.0,15555000000.0,2058000000,1861000000.0,1266000000.0,20740000000,2523000000,4388000000.0,2482000000.0,6870000000.0,14055000000.0,0.0,2985000000.0,26433000000,4251000000.0,47173000000,1683000000.0,1096000000.0,0.0,778000000.0,2646000000.0,6169000000,0.0,2667000000.0,533000000.0,3170000000.0,3165000000.0,3170000000.0,9334000000,0.0,32411000000.0,472000000.0,-123000000.0,37839000000.0,47173000000,24118000000.0,1096000000.0,-4396000000.0,https://www.sec.gov/Archives/edgar/data/804328/000123445215000134/0001234452-15-000134-index.html,https://www.sec.gov/Archives/edgar/data/804328/000123445215000134/qcom3291510-q.htm
2014-12-28,QCOM,2015-01-28,2015-01-28 16:18:31,Q1,6325000000.0,11463000000.0,17788000000.0,2239000000,1761000000.0,973000000.0,22761000000,2531000000,4413000000.0,2497000000.0,6910000000.0,13815000000.0,0.0,2430000000.0,25686000000,3403000000.0,48447000000,2482000000.0,0.0,0.0,885000000.0,3137000000.0,6405000000,0.0,2763000000.0,445000000.0,3223000000.0,3219000000.0,3223000000.0,9624000000,0.0,32061000000.0,428000000.0,-114000000.0,38823000000.0,48447000000,25278000000.0,0.0,-6325000000.0,https://www.sec.gov/Archives/edgar/data/804328/000123445215000024/qcom12281410-q.htm,https://www.sec.gov/Archives/edgar/data/804328/000123445215000024/qcom12281410-q.htm
2014-09-28,QCOM,2014-11-05 00:00:00,2014-11-05 16:18:10,Q4,7907000000.0,9658000000.0,17565000000.0,2412000000,1458000000.0,978000000.0,22413000000,2487000000,4488000000.0,2580000000.0,7068000000.0,14457000000.0,0.0,2149000000.0,26161000000,3127000000.0,48574000000,2183000000.0,0.0,0.0,785000000.0,3028000000.0,6013000000,0.0,2967000000.0,577000000.0,3395000000.0,3392000000.0,3395000000.0,9405000000,0.0,30799000000.0,634000000.0,-89000000.0,39169000000.0,48574000000,24115000000.0,0.0,-7907000000.0,https://www.sec.gov/Archives/edgar/data/804328/000123445214000320/0001234452-14-000320-index.html,https://www.sec.gov/Archives/edgar/data/804328/000123445214000320/qcom10-k2014.htm
2014-06-29,QCOM,2014-07-23 00:00:00,2014-07-23 16:13:56,Q3,7944000000.0,10209000000.0,18153000000.0,2084000000,1185000000.0,986000000.0,22408000000,2555000000,4183000000.0,2608000000.0,6791000000.0,14563000000.0,0.0,2038000000.0,25947000000,3024000000.0,48355000000,1900000000.0,0.0,0.0,705000000.0,3380000000.0,6021000000,11000000.0,3168000000.0,451000000.0,3536000000.0,3545000000.0,3536000000.0,9566000000,0.0,29618000000.0,825000000.0,-69000000.0,38789000000.0,48355000000,24772000000.0,12000000.0,-7932000000.0,https://www.sec.gov/Archives/edgar/data/804328/000123445214000238/0001234452-14-000238-index.html,https://www.sec.gov/Archives/edgar/data/804328/000123445214000238/qcom06291410-q.htm
2014-03-30,QCOM,2014-04-23 00:00:00,2014-04-23 16:12:55,Q2,6337000000.0,10291000000.0,16628000000.0,2217000000,1147000000.0,1016000000.0,21008000000,2573000000,4226000000.0,2699000000.0,6925000000.0,15425000000.0,0.0,1944000000.0,26867000000,2960000000.0,47875000000,1551000000.0,0.0,0.0,625000000.0,3610000000.0,5901000000,12000000.0,3367000000.0,495000000.0,3709000000.0,3720000000.0,3709000000.0,9621000000,0.0,28097000000.0,810000000.0,-69000000.0,38254000000.0,47875000000,25716000000.0,13000000.0,-6324000000.0,https://www.sec.gov/Archives/edgar/data/804328/000123445214000154/0001234452-14-000154-index.html,https://www.sec.gov/Archives/edgar/data/804328/000123445214000154/qcom03301410-q.htm
2013-12-29,QCOM,2014-01-29,2014-01-29 16:18:38,Q1,8292000000.0,8988000000.0,17280000000.0,1327000000,1064000000.0,914000000.0,20585000000,2562000000,4212000000.0,2490000000.0,6702000000.0,14330000000.0,0.0,2103000000.0,25697000000,3017000000.0,46282000000,1375000000.0,0.0,0.0,470000000.0,3231000000.0,5313000000,13000000.0,3566000000.0,404000000.0,3929000000.0,3942000000.0,3929000000.0,9255000000,0.0,26737000000.0,784000000.0,-65000000.0,37027000000.0,46282000000,23318000000.0,14000000.0,-8278000000.0,https://www.sec.gov/Archives/edgar/data/804328/000123445214000049/qcom12291310-q.htm,https://www.sec.gov/Archives/edgar/data/804328/000123445214000049/qcom12291310-q.htm
2013-09-29,QCOM,2013-11-06 00:00:00,2013-11-06 16:22:40,Q4,6142000000.0,8824000000.0,14966000000.0,2142000000,1302000000.0,1145000000.0,19555000000,2995000000,3976000000.0,2553000000.0,6529000000.0,14440000000.0,0.0,1997000000.0,25961000000,3142000000.0,45516000000,1554000000.0,0.0,0.0,501000000.0,2820000000.0,5213000000,17000000.0,3666000000.0,573000000.0,4199000000.0,4215000000.0,4199000000.0,9428000000,0.0,25461000000.0,753000000.0,-72000000.0,36088000000.0,45516000000,23264000000.0,17000000.0,-6125000000.0,https://www.sec.gov/Archives/edgar/data/804328/000123445213000483/0001234452-13-000483-index.html,https://www.sec.gov/Archives/edgar/data/804328/000123445213000483/qcom10-k2013.htm
2013-06-30,QCOM,2013-07-24 00:00:00,2013-07-24 16:09:43,Q3,2533000000.0,8928000000.0,11461000000.0,1949000000,1727000000.0,835000000.0,15972000000,2974000000,3995000000.0,2690000000.0,6685000000.0,18941000000.0,0.0,2237000000.0,30837000000,3072000000.0,46809000000,1850000000.0,0.0,0.0,482000000.0,2464000000.0,5028000000,20000000.0,3679000000.0,329000000.0,4178000000.0,4203000000.0,4178000000.0,9231000000,0.0,24564000000.0,698000000.0,-65000000.0,37578000000.0,46809000000,27869000000.0,21000000.0,-2512000000.0,https://www.sec.gov/Archives/edgar/data/804328/000123445213000292/0001234452-13-000292-index.html,https://www.sec.gov/Archives/edgar/data/804328/000123445213000292/qcom6301310-q.htm
2013-03-31,QCOM,2013-04-24 00:00:00,2013-04-24 16:14:05,Q2,4093000000.0,9400000000.0,13493000000.0,1889000000,1484000000.0,900000000.0,17766000000,2971000000,3975000000.0,2735000000.0,6710000000.0,17046000000.0,0.0,3106000000.0,29833000000,4006000000.0,47599000000,1628000000.0,0.0,0.0,514000000.0,2956000000.0,5263000000,22000000.0,3697000000.0,318000000.0,4686000000.0,4725000000.0,4686000000.0,9988000000,0.0,23599000000.0,1021000000.0,-62000000.0,37611000000.0,47599000000,26446000000.0,22000000.0,-4071000000.0,https://www.sec.gov/Archives/edgar/data/804328/000123445213000179/0001234452-13-000179-index.html,https://www.sec.gov/Archives/edgar/data/804328/000123445213000179/qcom3311310-q.htm
2012-12-30,QCOM,2013-01-30 00:00:00,2013-01-30 16:11:45,Q1,4293000000.0,8982000000.0,13275000000.0,1647000000,1277000000.0,904000000.0,17103000000,2874000000,3929000000.0,2826000000.0,6755000000.0,15096000000.0,0.0,3013000000.0,27738000000,3917000000.0,44841000000,1657000000.0,0.0,0.0,733000000.0,2730000000.0,5005000000,0.0,3516000000.0,309000000.0,4482000000.0,4502000000.0,4482000000.0,9507000000,0.0,22172000000.0,880000000.0,-63000000.0,35334000000.0,44841000000,24078000000.0,0.0,-4293000000.0,https://www.sec.gov/Archives/edgar/data/804328/000123445213000041/0001234452-13-000041-index.html,https://www.sec.gov/Archives/edgar/data/804328/000123445213000041/qcom12301210-q.htm
2012-09-30,QCOM,2012-11-07 00:00:00,2012-11-07 16:15:01,Q4,3807000000.0,8567000000.0,12374000000.0,1459000000,1030000000.0,782000000.0,15645000000,2851000000,3917000000.0,2938000000.0,6855000000.0,14463000000.0,0.0,3198000000.0,27367000000,3980000000.0,43012000000,1298000000.0,0.0,0.0,545000000.0,3340000000.0,5302000000,0.0,3739000000.0,309000000.0,4165000000.0,4187000000.0,4165000000.0,9489000000,0.0,20701000000.0,866000000.0,-76000000.0,33523000000.0,43012000000,23030000000.0,0.0,-3807000000.0,https://www.sec.gov/Archives/edgar/data/804328/000123445212000371/0001234452-12-000371-index.html,https://www.sec.gov/Archives/edgar/data/804328/000123445212000371/qcom10-k2012.htm
2012-06-24,QCOM,2012-07-18 00:00:00,2012-07-18 16:11:00,Q3,3412000000.0,9983000000.0,13395000000.0,1250000000,820000000.0,912000000.0,16377000000,2888000000,3843000000.0,3845000000.0,7688000000.0,13152000000.0,0.0,2340000000.0,26068000000,3252000000.0,42445000000,1116000000.0,968000000.0,0.0,547000000.0,2654000000.0,5516000000,0.0,3809000000.0,512000000.0,4324000000.0,4345000000.0,4324000000.0,9861000000,0.0,19868000000.0,620000000.0,-87000000.0,32584000000.0,42445000000,23135000000.0,1138000000.0,-2274000000.0,https://www.sec.gov/Archives/edgar/data/804328/000123445212000268/0001234452-12-000268-index.html,https://www.sec.gov/Archives/edgar/data/804328/000123445212000268/qcom6241210q.htm
2012-03-25,QCOM,2012-04-18,2012-04-18 16:11:42,Q2,5998000000.0,9081000000.0,15079000000.0,1189000000,781000000.0,812000000.0,17861000000,2760000000,3607000000.0,3002000000.0,6609000000.0,11489000000.0,0.0,2812000000.0,23670000000,3624000000.0,41531000000,1250000000.0,1039000000.0,179000000.0,558000000.0,2147000000.0,5178000000,0.0,3894000000.0,485000000.0,4483000000.0,4471000000.0,4483000000.0,9649000000,0.0,19090000000.0,809000000.0,-57000000.0,31882000000.0,41531000000,20570000000.0,1209000000.0,-4789000000.0,https://www.sec.gov/Archives/edgar/data/804328/000123445212000217/qcom3251210q.htm,https://www.sec.gov/Archives/edgar/data/804328/000123445212000217/qcom3251210q.htm
2011-12-25,QCOM,2012-02-01 00:00:00,2012-02-01 16:07:54,Q1,4964000000.0,6576000000.0,11540000000.0,1035000000,714000000.0,745000000.0,14034000000,2607000000,3624000000.0,3093000000.0,6717000000.0,10438000000.0,0.0,3810000000.0,23572000000,4555000000.0,37606000000,974000000.0,928000000.0,40000000.0,543000000.0,2380000000.0,4994000000,0.0,3535000000.0,509000000.0,4115000000.0,4131000000.0,4115000000.0,9125000000,0.0,17237000000.0,495000000.0,-86000000.0,28481000000.0,37606000000,17014000000.0,1098000000.0,-3866000000.0,https://www.sec.gov/Archives/edgar/data/804328/000123445212000055/0001234452-12-000055-index.html,https://www.sec.gov/Archives/edgar/data/804328/000123445212000055/qcom12251110q.htm
2011-09-25,QCOM,2011-11-02 00:00:00,2011-11-02 16:08:57,Q4,5462000000.0,6190000000.0,11652000000.0,993000000,765000000.0,883000000.0,14293000000,2414000000,3432000000.0,3099000000.0,6531000000.0,9261000000.0,0.0,3923000000.0,22129000000,4806000000.0,36422000000,969000000.0,994000000.0,18000000.0,610000000.0,2682000000.0,5289000000,0.0,3541000000.0,537000000.0,4161000000.0,4182000000.0,4161000000.0,9471000000,0.0,16204000000.0,353000000.0,-74000000.0,26951000000.0,36422000000,15451000000.0,994000000.0,-4468000000.0,https://www.sec.gov/Archives/edgar/data/804328/000123445211000360/0001234452-11-000360-index.html,https://www.sec.gov/Archives/edgar/data/804328/000123445211000360/qcom10-k2011.htm
2011-06-26,QCOM,2011-07-20 00:00:00,2011-07-20 16:19:05,Q3,5746000000.0,4982000000.0,10728000000.0,832000000,753000000.0,520000000.0,12833000000,2267000000,3195000000.0,3098000000.0,6293000000.0,9493000000.0,0.0,4214000000.0,22267000000,4734000000.0,35100000000,761000000.0,1092000000.0,84000000.0,541000000.0,2043000000.0,4464000000,0.0,3630000000.0,310000000.0,4335000000.0,4365000000.0,4335000000.0,8829000000,0.0,15516000000.0,1488000000.0,744000000.0,26271000000.0,35100000000,14475000000.0,1092000000.0,-4654000000.0,https://www.sec.gov/Archives/edgar/data/804328/000123445211000292/0001234452-11-000292-index.html,https://www.sec.gov/Archives/edgar/data/804328/000123445211000292/qcom6261110q.htm
2011-03-27,QCOM,2011-04-20 00:00:00,2011-04-20 16:15:29,Q2,6367000000.0,6658000000.0,13025000000.0,715000000,606000000.0,504000000.0,14850000000,2114000000,1417000000.0,2174000000.0,3591000000.0,9081000000.0,0.0,4188000000.0,18974000000,4692000000.0,33824000000,666000000.0,1100000000.0,69000000.0,518000000.0,2061000000.0,4385000000,0.0,3733000000.0,330000000.0,4438000000.0,4472000000.0,4438000000.0,8857000000,0.0,14840000000.0,1604000000.0,802000000.0,24967000000.0,33824000000,15739000000.0,1100000000.0,-5267000000.0,https://www.sec.gov/Archives/edgar/data/804328/000123445211000190/0001234452-11-000190-index.html,https://www.sec.gov/Archives/edgar/data/804328/000123445211000190/qcom3271110q.htm
2010-12-26,QCOM,2011-01-26,2011-01-26 16:20:46,Q1,4711000000.0,5798000000.0,10509000000.0,657000000,574000000.0,591000000.0,12331000000,2361000000,1519000000.0,2983000000.0,4502000000.0,8598000000.0,0.0,3499000000.0,18960000000,4090000000.0,31291000000,522000000.0,1089000000.0,10000000.0,631000000.0,1852000000.0,3943000000,0.0,3821000000.0,336000000.0,4612000000.0,4612000000.0,4612000000.0,8555000000,0.0,14161000000.0,1514000000.0,757000000.0,22736000000.0,31291000000,14396000000.0,1089000000.0,-3622000000.0,https://www.sec.gov/Archives/edgar/data/804328/000095012311005582/a58430e10vq.htm,https://www.sec.gov/Archives/edgar/data/804328/000095012311005582/a58430e10vq.htm
2010-09-26,QCOM,2010-11-03 00:00:00,2010-11-03 17:18:30,Q4,3547000000.0,6732000000.0,10279000000.0,730000000,528000000.0,596000000.0,12133000000,2373000000,1488000000.0,3022000000.0,4510000000.0,8123000000.0,0.0,3433000000.0,18439000000,4029000000.0,30572000000,764000000.0,1086000000.0,1443000000.0,623000000.0,3151000000.0,5468000000,0.0,3485000000.0,321000000.0,4246000000.0,4246000000.0,4246000000.0,9714000000,0.0,13305000000.0,1394000000.0,697000000.0,20858000000.0,30572000000,14855000000.0,1086000000.0,-2461000000.0,https://www.sec.gov/Archives/edgar/data/804328/000095012310100207/0000950123-10-100207-index.html,https://www.sec.gov/Archives/edgar/data/804328/000095012310100207/a57478e10vk.htm
2010-06-27,QCOM,2010-07-21 00:00:00,2010-07-21 16:18:19,Q3,2541000000.0,7427000000.0,9968000000.0,798000000,446000000.0,402000000.0,11614000000,2382000000,1476000000.0,3040000000.0,4516000000.0,7618000000.0,0.0,3271000000.0,17787000000,3673000000.0,29401000000,640000000.0,1061000000.0,1135000000.0,601000000.0,3056000000.0,5190000000,0.0,3587000000.0,213000000.0,4325000000.0,4325000000.0,4325000000.0,9515000000,0.0,12746000000.0,1058000000.0,529000000.0,19886000000.0,29401000000,15045000000.0,1061000000.0,-1480000000.0,https://www.sec.gov/Archives/edgar/data/804328/000095012310066837/0000950123-10-066837-index.html,https://www.sec.gov/Archives/edgar/data/804328/000095012310066837/a56728e10vq.htm
2010-03-28,QCOM,2010-04-21 00:00:00,2010-04-21 16:29:12,Q2,2553000000.0,8603000000.0,11156000000.0,680000000,402000000.0,414000000.0,12652000000,2374000000,1483000000.0,3093000000.0,4576000000.0,7057000000.0,0.0,1838000000.0,15845000000,2252000000.0,28497000000,545000000.0,0.0,764000000.0,592000000.0,2417000000.0,3330000000,0.0,3687000000.0,204000000.0,4447000000.0,4447000000.0,4447000000.0,7777000000,0.0,12287000000.0,1640000000.0,820000000.0,20720000000.0,28497000000,15660000000.0,0.0,-2553000000.0,https://www.sec.gov/Archives/edgar/data/804328/000095012310036699/0000950123-10-036699-index.html,https://www.sec.gov/Archives/edgar/data/804328/000095012310036699/a55833e10vq.htm
2009-12-27,QCOM,2010-01-27 00:00:00,2010-01-27 16:50:32,Q1,3660000000.0,8504000000.0,12164000000.0,616000000,350000000.0,444000000.0,13574000000,2384000000,1490000000.0,3142000000.0,4632000000.0,6764000000.0,0.0,1549000000.0,15329000000,1993000000.0,28903000000,415000000.0,0.0,458000000.0,567000000.0,2148000000.0,2948000000,0.0,0.0,0.0,4602000000.0,4602000000.0,4602000000.0,7550000000,0.0,11792000000.0,1488000000.0,744000000.0,21353000000.0,28903000000,15268000000.0,0.0,-3660000000.0,https://www.sec.gov/Archives/edgar/data/804328/000095012310005721/0000950123-10-005721-index.html,https://www.sec.gov/Archives/edgar/data/804328/000095012310005721/a54942e10vq.htm
2009-09-27,QCOM,2009-11-05 00:00:00,2009-11-04 20:21:47,Q4,2717000000.0,8352000000.0,11069000000.0,700000000,453000000.0,348000000.0,12570000000,2387000000,1492000000.0,3065000000.0,4557000000.0,6673000000.0,47000000.0,1258000000.0,14875000000,1606000000.0,27445000000,636000000.0,0.0,47000000.0,441000000.0,1697000000.0,2813000000,0.0,0.0,0.0,4269000000.0,4316000000.0,4269000000.0,7129000000,0.0,11235000000.0,1176000000.0,588000000.0,20316000000.0,27445000000,15025000000.0,0.0,-2717000000.0,https://www.sec.gov/Archives/edgar/data/804328/000095012309057827/0000950123-09-057827-index.html,https://www.sec.gov/Archives/edgar/data/804328/000095012309057827/a54086e10vk.htm
2009-06-28,QCOM,2009-07-22 00:00:00,2009-07-22 16:31:14,Q3,3721000000.0,6159000000.0,9880000000.0,943000000,375000000.0,533000000.0,11731000000,2311000000,1512000000.0,3138000000.0,4650000000.0,5801000000.0,263000000.0,1220000000.0,13982000000,1753000000.0,25713000000,561000000.0,0.0,263000000.0,447000000.0,1352000000.0,2372000000,0.0,0.0,0.0,4367000000.0,4630000000.0,4367000000.0,7002000000,0.0,10716000000.0,14000000.0,7000000.0,18711000000.0,25713000000,11960000000.0,0.0,-3721000000.0,https://www.sec.gov/Archives/edgar/data/804328/000095012309024369/0000950123-09-024369-index.html,https://www.sec.gov/Archives/edgar/data/804328/000095012309024369/a53206e10vq.htm
2009-03-29,QCOM,2009-04-29 00:00:00,2009-04-29 16:17:25,Q2,3892000000.0,5523000000.0,9415000000.0,804000000,409000000.0,604000000.0,11232000000,2282000000,1502000000.0,3123000000.0,4625000000.0,4560000000.0,276000000.0,1385000000.0,12852000000,1989000000.0,24084000000,444000000.0,0.0,109000000.0,421000000.0,1500000000.0,2257000000,0.0,0.0,0.0,4438000000.0,4714000000.0,4438000000.0,6971000000,0.0,10241000000.0,-1552000000.0,-776000000.0,17113000000.0,24084000000,10083000000.0,0.0,-3892000000.0,https://www.sec.gov/Archives/edgar/data/804328/000093639209000216/0000936392-09-000216-index.html,https://www.sec.gov/Archives/edgar/data/804328/000093639209000216/a52247e10vq.htm
2008-12-28,QCOM,2009-01-28 00:00:00,2009-01-28 16:19:34,Q1,3826000000.0,5183000000.0,9009000000.0,943000000,458000000.0,600000000.0,11010000000,2262000000,1494000000.0,3080000000.0,4574000000.0,4048000000.0,240000000.0,1561000000.0,12445000000,2161000000.0,23455000000,376000000.0,0.0,48000000.0,403000000.0,1359000000.0,2082000000,0.0,0.0,0.0,3996000000.0,4236000000.0,3996000000.0,6318000000,0.0,10794000000.0,-2140000000.0,-1070000000.0,17137000000.0,23455000000,9231000000.0,0.0,-3826000000.0,https://www.sec.gov/Archives/edgar/data/804328/000093639209000032/0000936392-09-000032-index.html,https://www.sec.gov/Archives/edgar/data/804328/000093639209000032/a51184e10vq.htm
2008-09-28,QCOM,2008-11-06 00:00:00,2008-11-06 16:23:15,Q4,1840000000.0,4571000000.0,6411000000.0,4187000000,521000000.0,753000000.0,11872000000,2162000000,1517000000.0,3104000000.0,4621000000.0,4858000000.0,227000000.0,1199000000.0,12840000000,1952000000.0,24712000000,570000000.0,0.0,20000000.0,394000000.0,1464000000.0,2440000000,0.0,0.0,0.0,4101000000.0,4328000000.0,4101000000.0,6768000000,0.0,10717000000.0,-568000000.0,-284000000.0,17944000000.0,24712000000,9429000000.0,0.0,-1840000000.0,https://www.sec.gov/Archives/edgar/data/804328/000093639208000707/0000936392-08-000707-index.html,https://www.sec.gov/Archives/edgar/data/804328/000093639208000707/a50397e10vk.htm
2008-06-29,QCOM,2008-07-25 00:00:00,2008-07-24 21:29:34,Q3,2970000000.0,3644000000.0,6614000000.0,917000000,618000000.0,912000000.0,9061000000,1912000000,1520000000.0,0.0,1520000000.0,4567000000.0,222000000.0,2537000000.0,10536000000,3449000000.0,19597000000,653000000.0,0.0,15000000.0,186000000.0,1102000000.0,2111000000,0.0,0.0,0.0,438000000.0,660000000.0,438000000.0,2771000000,0.0,10104000000.0,-122000000.0,-61000000.0,16826000000.0,19597000000,8211000000.0,0.0,-2970000000.0,https://www.sec.gov/Archives/edgar/data/804328/000093639208000473/0000936392-08-000473-index.html,https://www.sec.gov/Archives/edgar/data/804328/000093639208000473/a42335e10vq.htm
2008-03-30,QCOM,2008-04-23 00:00:00,2008-04-23 16:18:45,Q2,2803000000.0,3325000000.0,6128000000.0,728000000,612000000.0,883000000.0,8351000000,1817000000,1520000000.0,0.0,1520000000.0,4436000000.0,212000000.0,2028000000.0,9801000000,2911000000.0,18152000000,658000000.0,0.0,22000000.0,212000000.0,1098000000.0,2038000000,0.0,0.0,0.0,425000000.0,637000000.0,425000000.0,2675000000,0.0,9616000000.0,-230000000.0,-115000000.0,15477000000.0,18152000000,7761000000.0,0.0,-2803000000.0,https://www.sec.gov/Archives/edgar/data/804328/000093639208000288/0000936392-08-000288-index.html,https://www.sec.gov/Archives/edgar/data/804328/000093639208000288/a40068e10vq.htm
2007-12-30,QCOM,2008-01-23,2008-01-23 16:13:29,Q1,2968000000.0,4100000000.0,7068000000.0,703000000,522000000.0,805000000.0,9098000000,1794000000,1499000000.0,0.0,1499000000.0,4265000000.0,194000000.0,1692000000.0,9250000000,2497000000.0,18348000000,536000000.0,0.0,52000000.0,206000000.0,1282000000.0,2117000000,0.0,0.0,0.0,427000000.0,621000000.0,427000000.0,2738000000,0.0,9076000000.0,268000000.0,134000000.0,15610000000.0,18348000000,8365000000.0,0.0,-2968000000.0,https://www.sec.gov/Archives/edgar/data/804328/000093639208000071/a37255e10vq.htm,https://www.sec.gov/Archives/edgar/data/804328/000093639208000071/a37255e10vq.htm
2007-09-30,QCOM,2007-11-08 00:00:00,2007-11-08 16:03:56,Q4,2411000000.0,4170000000.0,6581000000.0,715000000,469000000.0,1056000000.0,8821000000,1788000000,1325000000.0,0.0,1325000000.0,5234000000.0,0.0,1327000000.0,9674000000,2383000000.0,18495000000,635000000.0,0.0,119000000.0,218000000.0,1312000000.0,2258000000,0.0,0.0,0.0,402000000.0,402000000.0,402000000.0,2660000000,0.0,8541000000.0,474000000.0,237000000.0,15835000000.0,18495000000,9404000000.0,0.0,-2411000000.0,https://www.sec.gov/Archives/edgar/data/804328/000093639207000836/0000936392-07-000836-index.html,https://www.sec.gov/Archives/edgar/data/804328/000093639207000836/a35354e10vk.htm
2007-07-01,QCOM,2007-07-25 00:00:00,2007-07-25 16:27:49,Q3,3716000000.0,3592000000.0,7308000000.0,764000000,396000000.0,580000000.0,9048000000,1631000000,1322000000.0,0.0,1322000000.0,4954000000.0,0.0,1491000000.0,9398000000,2071000000.0,18446000000,566000000.0,0.0,303000000.0,275000000.0,1285000000.0,2106000000,0.0,0.0,0.0,408000000.0,408000000.0,408000000.0,2514000000,0.0,7640000000.0,516000000.0,258000000.0,15932000000.0,18446000000,8546000000.0,0.0,-3716000000.0,https://www.sec.gov/Archives/edgar/data/804328/000093639207000602/0000936392-07-000602-index.html,https://www.sec.gov/Archives/edgar/data/804328/000093639207000602/a32135e10vq.htm
2007-04-01,QCOM,2007-04-25 00:00:00,2007-04-25 16:11:24,Q2,3353000000.0,3198000000.0,6551000000.0,714000000,347000000.0,466000000.0,8078000000,1582000000,1320000000.0,0.0,1320000000.0,4751000000.0,0.0,1523000000.0,9176000000,1989000000.0,17254000000,566000000.0,0.0,298000000.0,289000000.0,1020000000.0,1826000000,0.0,0.0,0.0,398000000.0,398000000.0,398000000.0,2224000000,0.0,7075000000.0,394000000.0,197000000.0,15030000000.0,17254000000,7949000000.0,0.0,-3353000000.0,https://www.sec.gov/Archives/edgar/data/804328/000093639207000327/0000936392-07-000327-index.html,https://www.sec.gov/Archives/edgar/data/804328/000093639207000327/a29474e10vq.htm
2006-12-31,QCOM,2007-01-24,2007-01-24 16:12:09,Q1,2649000000.0,3298000000.0,5947000000.0,693000000,330000000.0,409000000.0,7379000000,1559000000,1320000000.0,0.0,1320000000.0,4598000000.0,0.0,1482000000.0,8959000000,1891000000.0,16338000000,471000000.0,0.0,0.0,253000000.0,1082000000.0,1758000000,0.0,0.0,0.0,405000000.0,405000000.0,405000000.0,2163000000,0.0,6549000000.0,398000000.0,199000000.0,14175000000.0,16338000000,7896000000.0,0.0,-2649000000.0,https://www.sec.gov/Archives/edgar/data/804328/000093639207000046/a26643e10vq.htm,https://www.sec.gov/Archives/edgar/data/804328/000093639207000046/a26643e10vq.htm
2006-09-24,QCOM,2006-11-02,2006-11-02 16:24:35,Q4,1607000000.0,4114000000.0,5721000000.0,700000000,250000000.0,378000000.0,7049000000,1482000000,1230000000.0,0.0,1230000000.0,4228000000.0,0.0,1219000000.0,8159000000,1597000000.0,15208000000,420000000.0,0.0,0.0,197000000.0,729000000.0,1422000000,0.0,0.0,0.0,380000000.0,380000000.0,380000000.0,1802000000,0.0,6100000000.0,128000000.0,64000000.0,13406000000.0,15208000000,8342000000.0,0.0,-1607000000.0,https://www.sec.gov/Archives/edgar/data/804328/000093639206000996/a24679e10vk.htm,https://www.sec.gov/Archives/edgar/data/804328/000093639206000996/a24679e10vk.htm
2006-06-25,QCOM,2006-07-19,2006-07-19 16:13:55,Q3,1155000000.0,4716000000.0,5871000000.0,695000000,259000000.0,449000000.0,7274000000,1420000000,1236000000.0,0.0,1236000000.0,3607000000.0,0.0,1176000000.0,7439000000,1625000000.0,14713000000,501000000.0,0.0,0.0,176000000.0,594000000.0,1336000000,0.0,0.0,0.0,379000000.0,379000000.0,379000000.0,1715000000,0.0,5684000000.0,-22000000.0,-11000000.0,12998000000.0,14713000000,8323000000.0,0.0,-1155000000.0,https://www.sec.gov/Archives/edgar/data/804328/000093639206000709/a22159e10vq.htm,https://www.sec.gov/Archives/edgar/data/804328/000093639206000709/a22159e10vq.htm
2006-03-26,QCOM,2006-04-19,2006-04-19 16:42:53,Q2,1779000000.0,5686000000.0,7465000000.0,569000000,218000000.0,410000000.0,8662000000,1275000000,1018000000.0,0.0,1018000000.0,2702000000.0,0.0,1202000000.0,6197000000,1612000000.0,14859000000,459000000.0,0.0,0.0,160000000.0,469000000.0,1142000000,0.0,0.0,0.0,317000000.0,317000000.0,317000000.0,1459000000,0.0,5243000000.0,116000000.0,58000000.0,13400000000.0,14859000000,8388000000.0,0.0,-1779000000.0,https://www.sec.gov/Archives/edgar/data/804328/000093639206000386/a19688e10vq.htm,https://www.sec.gov/Archives/edgar/data/804328/000093639206000386/a19688e10vq.htm
2005-12-25,QCOM,2006-01-25,2006-01-25 17:01:34,Q1,1577000000.0,5407000000.0,6984000000.0,728000000,195000000.0,492000000.0,8399000000,1154000000,571000000.0,0.0,571000000.0,2414000000.0,0.0,891000000.0,5030000000,1383000000.0,13429000000,431000000.0,0.0,0.0,149000000.0,550000000.0,1160000000,0.0,0.0,0.0,297000000.0,297000000.0,297000000.0,1457000000,0.0,4800000000.0,76000000.0,38000000.0,11972000000.0,13429000000,7821000000.0,0.0,-1577000000.0,https://www.sec.gov/Archives/edgar/data/804328/000093639206000042/a16462e10vq.htm,https://www.sec.gov/Archives/edgar/data/804328/000093639206000042/a16462e10vq.htm
2005-09-25,QCOM,2005-11-02,2005-11-02 17:17:00,Q4,2070000000.0,4478000000.0,6548000000.0,544000000,177000000.0,522000000.0,7791000000,1022000000,571000000.0,0.0,571000000.0,2133000000.0,0.0,962000000.0,4688000000,1484000000.0,12479000000,376000000.0,0.0,0.0,163000000.0,498000000.0,1070000000,0.0,0.0,0.0,290000000.0,290000000.0,290000000.0,1360000000,0.0,4328000000.0,76000000.0,38000000.0,11119000000.0,12479000000,6611000000.0,0.0,-2070000000.0,https://www.sec.gov/Archives/edgar/data/804328/000093639205000362/a14009e10vk.htm,https://www.sec.gov/Archives/edgar/data/804328/000093639205000362/a14009e10vk.htm
2005-06-26,QCOM,2005-07-20,2005-07-20 16:52:24,Q3,1360000000.0,4357000000.0,5717000000.0,634000000,187000000.0,561000000.0,7099000000,905000000,525000000.0,0.0,525000000.0,2147000000.0,0.0,902000000.0,4479000000,1463000000.0,11578000000,259000000.0,0.0,0.0,173000000.0,401000000.0,833000000,0.0,0.0,0.0,298000000.0,298000000.0,298000000.0,1131000000,0.0,3938000000.0,76000000.0,38000000.0,10447000000.0,11578000000,6504000000.0,0.0,-1360000000.0,https://www.sec.gov/Archives/edgar/data/804328/000095013705008889/a10805e10vq.htm,https://www.sec.gov/Archives/edgar/data/804328/000095013705008889/a10805e10vq.htm
2005-03-27,QCOM,2005-04-20,2005-04-20 16:51:19,Q2,1638000000.0,4759000000.0,6397000000.0,508000000,157000000.0,491000000.0,7553000000,800000000,528000000.0,0.0,528000000.0,1903000000.0,0.0,1026000000.0,4257000000,1517000000.0,11810000000,245000000.0,0.0,0.0,184000000.0,586000000.0,1005000000,0.0,0.0,0.0,279000000.0,279000000.0,279000000.0,1284000000,0.0,3524000000.0,86000000.0,43000000.0,10526000000.0,11810000000,6662000000.0,0.0,-1638000000.0,https://www.sec.gov/Archives/edgar/data/804328/000093639205000099/a08084e10vq.htm,https://www.sec.gov/Archives/edgar/data/804328/000093639205000099/a08084e10vq.htm
2004-12-26,QCOM,2005-01-19,2005-01-19 17:21:09,Q1,1135000000.0,4989000000.0,6124000000.0,659000000,156000000.0,494000000.0,7433000000,746000000,527000000.0,0.0,527000000.0,1886000000.0,0.0,974000000.0,4133000000,1468000000.0,11566000000,262000000.0,0.0,0.0,179000000.0,548000000.0,964000000,0.0,0.0,0.0,263000000.0,263000000.0,263000000.0,1227000000,0.0,3107000000.0,176000000.0,88000000.0,10339000000.0,11566000000,6875000000.0,0.0,-1135000000.0,https://www.sec.gov/Archives/edgar/data/804328/000095013705000531/a04746e10vq.htm,https://www.sec.gov/Archives/edgar/data/804328/000095013705000531/a04746e10vq.htm
2004-09-30,QCOM,,,Q4,1214000000.0,4768000000.0,5982000000.0,581000000,154000000.0,510000000.0,7227000000,675000000,356000000.0,0.0,356000000.0,1653000000.0,0.0,909000000.0,3593000000,1419000000.0,10820000000,286000000.0,0.0,0.0,0.0,414000000.0,894000000,0.0,0.0,0.0,262000000.0,262000000.0,262000000.0,1156000000,0.0,2709000000.0,30000000.0,15000000.0,9664000000.0,10820000000,6421000000.0,0.0,-1214000000.0,,
2004-09-26,QCOM,2004-11-03,2004-11-03 17:24:17,FY,1214000000.0,4768000000.0,5982000000.0,581000000,154000000.0,510000000.0,7227000000,675000000,356000000.0,0.0,356000000.0,4768000000.0,0.0,0.0,5799000000,0.0,10820000000,286000000.0,0.0,0.0,172000000.0,436000000.0,894000000,0.0,0.0,0.0,0.0,0.0,0.0,1156000000,0.0,2709000000.0,15000000.0,6940000000.0,9664000000.0,10820000000,9536000000.0,0.0,-1214000000.0,https://www.sec.gov/Archives/edgar/data/804328/000093639204000858/0000936392-04-000858-index.htm,https://www.sec.gov/Archives/edgar/data/804328/000093639204000858/a02900e10vk.htm
2004-06-27,QCOM,2004-07-21,2004-07-21 17:19:11,Q3,2009000000.0,3494000000.0,5503000000.0,898000000,109000000.0,593000000.0,7103000000,591000000,356000000.0,0.0,356000000.0,1508000000.0,0.0,664000000.0,3119000000,1257000000.0,10222000000,240000000.0,0.0,0.0,159628000.0,408000000.0,806000000,0.0,0.0,0.0,274000000.0,274000000.0,274000000.0,1080000000,0.0,2431000000.0,48000000.0,24000000.0,9141000000.0,10222000000,5002000000.0,0.0,-2009000000.0,https://www.sec.gov/Archives/edgar/data/804328/000093639204000768/a00338e10vq.htm,https://www.sec.gov/Archives/edgar/data/804328/000093639204000768/a00338e10vq.htm
2004-03-28,QCOM,2004-04-21,2004-04-21 17:24:09,Q2,1947000000.0,3660000000.0,5606000000.0,597000000,97000000.0,614000000.0,6914000000,550000000,356000000.0,0.0,356000000.0,1039000000.0,0.0,790000000.0,2735000000,1404000000.0,9649000000,213000000.0,0.0,0.0,172037000.0,460000000.0,813000000,0.0,0.0,0.0,280000000.0,280000000.0,280000000.0,1093000000,0.0,1945000000.0,108000000.0,54000000.0,8556000000.0,9649000000,4699000000.0,0.0,-1947000000.0,https://www.sec.gov/Archives/edgar/data/804328/000093639204000407/a98252e10vq.htm,https://www.sec.gov/Archives/edgar/data/804328/000093639204000407/a98252e10vq.htm
2003-12-28,QCOM,2004-01-21,2004-01-21 17:10:20,Q1,1796000000.0,3271000000.0,5067000000.0,655000000,86000000.0,639000000.0,6447000000,537000000,352000000.0,0.0,352000000.0,784000000.0,0.0,914000000.0,2586000000,1553000000.0,9033000000,155000000.0,0.0,0.0,164948000.0,424000000.0,694000000,117000000.0,0.0,0.0,293000000.0,410000000.0,293000000.0,1104000000,0.0,1537000000.0,60000000.0,30000000.0,7929000000.0,9033000000,4055000000.0,117000000.0,-1679000000.0,https://www.sec.gov/Archives/edgar/data/804328/000093639204000041/a95740e10vq.htm,https://www.sec.gov/Archives/edgar/data/804328/000093639204000041/a95740e10vq.htm
2003-09-30,QCOM,,,Q4,2045000000.0,2516000000.0,4561000000.0,490000000,110000000.0,788000000.0,5949000000,622000000,346000000.0,0.0,346000000.0,939000000.0,0.0,784000000.0,2873000000,1572000000.0,8822000000,195000000.0,0.0,0.0,0.0,370000000.0,808000000,123000000.0,0.0,0.0,292000000.0,416000000.0,292000000.0,1224000000,0.0,1297000000.0,-48000000.0,-24000000.0,7599000000.0,8822000000,3455000000.0,226000000.0,-1819000000.0,,
2003-09-28,QCOM,2003-11-05,2003-11-05 17:15:06,FY,2045094000.0,2516003000.0,4561097000.0,483793000,110351000.0,793523000.0,5948764000,622265000,346464000.0,0.0,346464000.0,2516003000.0,0.0,0.0,3484732000,0.0,8822436000,195065000.0,0.0,0.0,174271000.0,438866000.0,808202000,102625000.0,0.0,0.0,0.0,102625000.0,0.0,1223814000,81000.0,1297289000.0,-23769000.0,6324971000.0,7598572000.0,8822436000,5032006000.0,225927000.0,-1819167000.0,https://www.sec.gov/Archives/edgar/data/804328/000093639203001502/0000936392-03-001502-index.htm,https://www.sec.gov/Archives/edgar/data/804328/000093639203001502/a94029e10vk.htm
2003-06-29,QCOM,2003-07-23,2003-07-23 17:25:23,Q3,1795000000.0,2565000000.0,4360000000.0,624000000,123000000.0,745000000.0,5852000000,619000000,347000000.0,0.0,347000000.0,742000000.0,0.0,726000000.0,2618000000,1471000000.0,8470000000,173000000.0,0.0,0.0,178125000.0,450000000.0,847000000,107000000.0,0.0,0.0,310000000.0,417000000.0,310000000.0,1264000000,0.0,1062000000.0,-82000000.0,-41000000.0,7206000000.0,8470000000,3307000000.0,206000000.0,-1589000000.0,https://www.sec.gov/Archives/edgar/data/804328/000093639203000969/a91623e10vq.htm,https://www.sec.gov/Archives/edgar/data/804328/000093639203000969/a91623e10vq.htm
2003-03-30,QCOM,2003-04-23,2003-04-23 16:27:34,Q2,1990000000.0,1751000000.0,3740000000.0,539000000,151000000.0,595000000.0,5025000000,588000000,347000000.0,0.0,347000000.0,801000000.0,0.0,1004000000.0,3193000000,1598000000.0,8218000000,186000000.0,0.0,0.0,173446000.0,426000000.0,733000000,152000000.0,0.0,0.0,313000000.0,464000000.0,313000000.0,1197000000,0.0,910000000.0,-130000000.0,-65000000.0,7021000000.0,8218000000,2552000000.0,152000000.0,-1838000000.0,https://www.sec.gov/Archives/edgar/data/804328/000093639203000531/a89297e10vq.htm,https://www.sec.gov/Archives/edgar/data/804328/000093639203000531/a89297e10vq.htm
2002-12-29,QCOM,2003-01-22,2003-01-22 16:56:05,Q1,1620000000.0,1835000000.0,3456000000.0,666000000,108000000.0,139000000.0,4369000000,688000000,347000000.0,0.0,347000000.0,704000000.0,0.0,476000000.0,2659000000,615000000.0,7028000000,195000000.0,0.0,0.0,177883000.0,351000000.0,655000000,157000000.0,0.0,0.0,293000000.0,472000000.0,293000000.0,1127000000,0.0,846000000.0,-136000000.0,-68000000.0,5901000000.0,7028000000,2539000000.0,157000000.0,-1463000000.0,https://www.sec.gov/Archives/edgar/data/804328/000093639203000045/a87070e10vq.htm,https://www.sec.gov/Archives/edgar/data/804328/000093639203000045/a87070e10vq.htm
2002-09-30,QCOM,,,Q4,1407000000.0,1411000000.0,2818000000.0,925000000,88000000.0,110000000.0,3941000000,686000000,345000000.0,0.0,345000000.0,658000000.0,0.0,433000000.0,2565000000,542000000.0,6506000000,209000000.0,0.0,0.0,0.0,320000000.0,675000000,94000000.0,0.0,0.0,300000000.0,439000000.0,300000000.0,1114000000,0.0,605000000.0,-262000000.0,-131000000.0,5392000000.0,6506000000,2069000000.0,114000000.0,-1293000000.0,,
2002-09-29,QCOM,2002-11-26,2002-11-26 17:05:50,FY,1406704000.0,1387915000.0,2794619000.0,536950000,88094000.0,521103000.0,3940766000,686283000,344803000.0,0.0,344803000.0,1387915000.0,0.0,0.0,2419001000,149754000.0,6509521000,209418000.0,0.0,0.0,183482000.0,282086000.0,674986000,94288000.0,0.0,0.0,0.0,94288000.0,0.0,1073025000,79000.0,604624000.0,-130949000.0,4918202000.0,5391956000.0,6509521000,2775830000.0,94288000.0,-1312416000.0,https://www.sec.gov/Archives/edgar/data/804328/000093639202001489/0000936392-02-001489-index.htm,https://www.sec.gov/Archives/edgar/data/804328/000093639202001489/a85543e10vk.htm
2002-06-30,QCOM,2002-07-25 00:00:00,2002-07-25 17:12:00,Q3,1281000000.0,1099000000.0,2380000000.0,551000000,80000000.0,172000000.0,3183000000,743000000,409000000.0,0.0,409000000.0,739000000.0,0.0,441000000.0,3109000000,613000000.0,6292000000,142000000.0,0.0,0.0,254191000.0,326000000.0,571000000,0.0,0.0,0.0,401000000.0,476000000.0,401000000.0,1047000000,0.0,414000000.0,-134000000.0,-67000000.0,5245000000.0,6292000000,1838000000.0,0.0,-1281000000.0,https://www.sec.gov/Archives/edgar/data/804328/000093639202000876/0000936392-02-000876-index.html,https://www.sec.gov/Archives/edgar/data/804328/000093639202000876/a83070e10vq.htm
2002-03-31,QCOM,2002-04-24,2002-04-24 00:00:00,Q2,1268000000.0,944000000.0,2212000000.0,509000000,78000000.0,163000000.0,2962000000,773000000,468000000.0,0.0,468000000.0,995000000.0,0.0,483000000.0,3427000000,646000000.0,6389000000,177000000.0,0.0,0.0,199330000.0,341000000.0,650000000,0.0,0.0,0.0,415000000.0,519000000.0,415000000.0,1169000000,0.0,428000000.0,-220000000.0,-110000000.0,5220000000.0,6389000000,1939000000.0,0.0,-1268000000.0,https://www.sec.gov/Archives/edgar/data/804328/000093639202000464/a81020e10-q.htm,https://www.sec.gov/Archives/edgar/data/804328/000093639202000464/a81020e10-q.htm
2001-12-30,QCOM,2002-01-25,2002-01-25 00:00:00,Q1,1486000000.0,920000000.0,2406000000.0,579000000,86000000.0,146000000.0,3217000000,751000000,529000000.0,0.0,529000000.0,685000000.0,0.0,477000000.0,3115000000,623000000.0,6332000000,214000000.0,0.0,0.0,214259000.0,366000000.0,698000000,0.0,0.0,0.0,419000000.0,523000000.0,419000000.0,1221000000,0.0,384000000.0,-270000000.0,-135000000.0,5111000000.0,6332000000,1605000000.0,0.0,-1486000000.0,https://www.sec.gov/Archives/edgar/data/804328/000093639202000054/a78634e10-q.htm,https://www.sec.gov/Archives/edgar/data/804328/000093639202000054/a78634e10-q.htm
2001-09-30,QCOM,2001-11-09 00:00:00,2001-11-09 00:00:00,Q4,1389000000.0,895000000.0,2283000000.0,528000000,96000000.0,148000000.0,3055000000,431000000,585000000.0,0.0,585000000.0,543000000.0,0.0,382000000.0,2615000000,530000000.0,5670000000,106000000.0,0.0,0.0,184461000.0,297000000.0,521000000,0.0,0.0,0.0,330000000.0,336000000.0,330000000.0,857000000,0.0,245000000.0,-448000000.0,-224000000.0,4812000000.0,5670000000,1438000000.0,0.0,-1389000000.0,https://www.sec.gov/Archives/edgar/data/804328/000093639201500225/0000936392-01-500225-index.html,https://www.sec.gov/Archives/edgar/data/804328/000093639201500225/a76829e10-k.htm
2001-07-01,QCOM,2001-07-27 00:00:00,2001-07-27 00:00:00,Q3,965000000.0,946000000.0,1912000000.0,970000000,113000000.0,127000000.0,3122000000,441000000,647000000.0,0.0,647000000.0,769000000.0,0.0,419000000.0,2635000000,547000000.0,5757000000,125000000.0,0.0,0.0,56720000.0,162000000.0,377000000,0.0,0.0,0.0,178000000.0,228000000.0,178000000.0,605000000,0.0,517000000.0,-244000000.0,-122000000.0,5152000000.0,5757000000,1715000000.0,0.0,-965000000.0,https://www.sec.gov/Archives/edgar/data/804328/000109581101503433/0001095811-01-503433-index.html,https://www.sec.gov/Archives/edgar/data/804328/000109581101503433/a74431e10-q.htm
2001-04-01,QCOM,2001-04-26 00:00:00,2001-04-26 00:00:00,Q2,1114000000.0,811000000.0,1925000000.0,741000000,91000000.0,135000000.0,2892000000,424000000,706000000.0,0.0,706000000.0,390000000.0,0.0,1018000000.0,3003000000,1153000000.0,5895000000,125000000.0,0.0,0.0,51361000.0,178000000.0,423000000,0.0,0.0,0.0,177000000.0,226000000.0,177000000.0,649000000,0.0,791000000.0,-202000000.0,-101000000.0,5246000000.0,5895000000,1201000000.0,0.0,-1114000000.0,https://www.sec.gov/Archives/edgar/data/804328/000093639201500076/0000936392-01-500076-index.html,https://www.sec.gov/Archives/edgar/data/804328/000093639201500076/a71824e10-q.htm
2000-12-31,QCOM,,,Q1,826000000.0,1147000000.0,1973000000.0,669000000,78000000.0,129000000.0,2849000000,423000000,764000000.0,0.0,764000000.0,437000000.0,0.0,705000000.0,2731000000,834000000.0,5580000000,129000000.0,0.0,0.0,0.0,280000000.0,498000000,0.0,0.0,0.0,24000000.0,72000000.0,24000000.0,570000000,0.0,642000000.0,-112000000.0,-56000000.0,5010000000.0,5580000000,1584000000.0,0.0,-826000000.0,,
2000-09-30,QCOM,2000-11-03 00:00:00,2000-11-03 00:00:00,Q4,717000000.0,1056000000.0,1772000000.0,735000000,85000000.0,138000000.0,2730000000,432000000,822000000.0,0.0,822000000.0,749000000.0,0.0,532000000.0,3333000000,669000000.0,6063000000,113000000.0,0.0,0.0,0.0,231000000.0,472000000,0.0,0.0,0.0,28000000.0,75000000.0,28000000.0,547000000,0.0,871000000.0,-18000000.0,-9000000.0,5516000000.0,6063000000,1805000000.0,0.0,-717000000.0,https://www.sec.gov/Archives/edgar/data/804328/000091205700047095/0000912057-00-047095-index.html,https://www.sec.gov/Archives/edgar/data/804328/000091205700047095/a2029329z10-k.txt
2000-06-25,QCOM,2000-07-25 00:00:00,2000-07-25 00:00:00,Q3,713000000.0,850000000.0,1563000000.0,727000000,74000000.0,252000000.0,2616000000,438000000,883000000.0,0.0,883000000.0,706000000.0,0.0,944000000.0,3756000000,1197000000.0,6372000000,433000000.0,0.0,0.0,0.0,84000000.0,517000000,0.0,0.0,0.0,35000000.0,81000000.0,35000000.0,598000000,0.0,732000000.0,-78000000.0,-39000000.0,5774000000.0,6372000000,1556000000.0,0.0,-713000000.0,https://www.sec.gov/Archives/edgar/data/804328/000091205700032986/0000912057-00-032986-index.html,https://www.sec.gov/Archives/edgar/data/804328/000091205700032986/a10-q.txt
2000-03-26,QCOM,2000-04-26 00:00:00,2000-04-26 00:00:00,Q2,773000000.0,936000000.0,1708000000.0,683000000,78000000.0,332000000.0,2801000000,440000000,942000000.0,0.0,942000000.0,319000000.0,0.0,857000000.0,3343000000,1189000000.0,6144000000,508000000.0,0.0,0.0,0.0,82000000.0,589000000,0.0,0.0,0.0,49000000.0,95000000.0,49000000.0,684000000,0.0,578000000.0,-34000000.0,-17000000.0,5459000000.0,6144000000,1255000000.0,1000000.0,-772000000.0,https://www.sec.gov/Archives/edgar/data/804328/000093639200000223/0000936392-00-000223-index.html,https://www.sec.gov/Archives/edgar/data/804328/0000936392-00-000223.txt
1999-12-26,QCOM,,,Q1,304000000.0,1087000000.0,1391000000.0,1022000000,260000000.0,202000000.0,2875000000,537000000,0.0,0.0,0.0,165000000.0,0.0,727000000.0,2110000000,929000000.0,4985000000,716000000.0,124000000.0,0.0,0.0,65000000.0,907000000,270000000.0,0.0,0.0,65000000.0,390000000.0,65000000.0,1297000000,0.0,378000000.0,228000000.0,114000000.0,3689000000.0,4985000000,1252000000.0,397000000.0,93000000.0,,
1999-09-30,QCOM,,,Q4,660000000.0,954000000.0,1614000000.0,910000000,258000000.0,196000000.0,2978000000,556000000,0.0,0.0,0.0,70000000.0,0.0,382000000.0,1557000000,578000000.0,4535000000,310000000.0,112000000.0,0.0,0.0,306000000.0,876000000,660000000.0,0.0,0.0,76000000.0,787000000.0,76000000.0,1663000000,0.0,201000000.0,166000000.0,83000000.0,2872000000.0,4535000000,1024000000.0,772000000.0,112000000.0,,
1999-06-27,QCOM,,,Q3,436000000.0,12000000.0,448000000.0,787000000,213000000.0,245000000.0,1693000000,541000000,0.0,0.0,0.0,0.0,0.0,288000000.0,1284000000,533000000.0,2977000000,589000000.0,98000000.0,0.0,0.0,61000000.0,751000000,662000000.0,0.0,0.0,107000000.0,817000000.0,107000000.0,1568000000,0.0,65000000.0,34000000.0,17000000.0,1409000000.0,2977000000,12000000.0,763000000.0,327000000.0,,
1999-03-28,QCOM,,,Q2,121000000.0,83000000.0,205000000.0,874000000,254000000.0,215000000.0,1548000000,558000000,0.0,0.0,0.0,0.0,0.0,163000000.0,1073000000,379000000.0,2621000000,663000000.0,64000000.0,0.0,0.0,63000000.0,793000000,662000000.0,0.0,0.0,44000000.0,752000000.0,44000000.0,1545000000,0.0,6000000.0,-62000000.0,-31000000.0,1077000000.0,2621000000,83000000.0,729000000.0,608000000.0,,
1998-12-27,QCOM,1999-01-26 00:00:00,1999-01-26 00:00:00,Q1,132000000.0,105000000.0,237000000.0,919000000,335000000.0,172000000.0,1663000000,631000000,0.0,0.0,0.0,0.0,0.0,162000000.0,1100000000,333000000.0,2763000000,657000000.0,288000000.0,0.0,0.0,58000000.0,1007000000,663000000.0,0.0,0.0,36000000.0,741000000.0,36000000.0,1748000000,0.0,49000000.0,0.0,0.0,1015000000.0,2763000000,105000000.0,954000000.0,822000000.0,https://www.sec.gov/Archives/edgar/data/804328/000093639299000055/0000936392-99-000055-index.html,https://www.sec.gov/Archives/edgar/data/804328/0000936392-99-000055.txt
1998-09-30,QCOM,,,Q4,176000000.0,127000000.0,303000000.0,668000000,387000000.0,179000000.0,1537000000,610000000,0.0,0.0,0.0,0.0,0.0,132000000.0,1030000000,311000000.0,2567000000,660000000.0,151000000.0,0.0,0.0,67000000.0,882000000,664000000.0,0.0,0.0,25000000.0,727000000.0,25000000.0,1609000000,0.0,0.0,-4000000.0,-2000000.0,958000000.0,2567000000,127000000.0,818000000.0,642000000.0,,
1998-06-30,QCOM,,,Q3,180000000.0,118000000.0,298000000.0,833000000,394000000.0,113000000.0,1638000000,566000000,0.0,0.0,0.0,112000000.0,0.0,187000000.0,997000000,300000000.0,2635000000,552000000.0,138000000.0,0.0,0.0,92000000.0,785000000,665000000.0,0.0,0.0,24000000.0,716000000.0,24000000.0,1501000000,0.0,186000000.0,0.0,0.0,1135000000.0,2635000000,230000000.0,806000000.0,626000000.0,,
1998-03-31,QCOM,,,Q2,187000000.0,249000000.0,436000000.0,647000000,360000000.0,99000000.0,1542000000,519000000,0.0,0.0,0.0,112000000.0,0.0,179000000.0,914000000,278000000.0,2456000000,529000000.0,56000000.0,0.0,0.0,53000000.0,641000000,666000000.0,0.0,0.0,21000000.0,695000000.0,21000000.0,1336000000,0.0,181000000.0,0.0,0.0,1120000000.0,2456000000,361000000.0,724000000.0,537000000.0,,
1997-12-28,QCOM,,,Q1,210000000.0,444000000.0,653000000.0,620000000,282000000.0,69000000.0,1624000000,475000000,0.0,0.0,0.0,112000000.0,0.0,193000000.0,802000000,262000000.0,2426000000,542000000.0,78000000.0,0.0,0.0,46000000.0,669000000,667000000.0,0.0,0.0,18000000.0,685000000.0,18000000.0,1354000000,0.0,155000000.0,0.0,0.0,1073000000.0,2426000000,556000000.0,748000000.0,538000000.0,,
1997-09-30,QCOM,,,Q4,249000000.0,448000000.0,697000000.0,557000000,225000000.0,71000000.0,1550000000,425000000,0.0,0.0,0.0,112000000.0,0.0,188000000.0,725000000,258000000.0,2275000000,409000000.0,110000000.0,0.0,0.0,45000000.0,567000000,668000000.0,0.0,0.0,15000000.0,684000000.0,15000000.0,1251000000,0.0,118000000.0,0.0,0.0,1024000000.0,2275000000,560000000.0,781000000.0,532000000.0,,
1997-06-29,QCOM,1997-08-06 00:00:00,1997-08-06 00:00:00,Q3,217000000.0,464000000.0,682000000.0,435000000,229000000.0,39000000.0,1385000000,381000000,0.0,0.0,0.0,87000000.0,0.0,198000000.0,665000000,237000000.0,2050000000,301000000.0,71000000.0,0.0,0.0,26000000.0,402000000,668000000.0,0.0,0.0,15000000.0,683000000.0,15000000.0,1085000000,0.0,88000000.0,0.0,0.0,965000000.0,2050000000,551000000.0,743000000.0,526000000.0,https://www.sec.gov/Archives/edgar/data/804328/000093639297001041/0000936392-97-001041-index.html,https://www.sec.gov/Archives/edgar/data/804328/0000936392-97-001041.txt
1997-03-30,QCOM,1997-05-07 00:00:00,1997-05-07 00:00:00,Q2,406000000.0,469000000.0,875000000.0,445000000,207000000.0,16000000.0,1543000000,362000000,0.0,0.0,0.0,3000000.0,0.0,132000000.0,497000000,148000000.0,2040000000,315000000.0,140000000.0,0.0,0.0,17000000.0,475000000,669000000.0,0.0,0.0,7000000.0,677000000.0,7000000.0,1152000000,0.0,52000000.0,0.0,0.0,888000000.0,2040000000,472000000.0,812000000.0,406000000.0,https://www.sec.gov/Archives/edgar/data/804328/000093639297000599/0000936392-97-000599-index.html,https://www.sec.gov/Archives/edgar/data/804328/0000936392-97-000599.txt
1996-12-29,QCOM,,,Q1,127000000.0,163000000.0,289000000.0,327000000,245000000.0,18000000.0,879000000,351000000,0.0,0.0,0.0,6000000.0,0.0,77000000.0,433000000,94000000.0,1312000000,287000000.0,137000000.0,0.0,0.0,16000000.0,442000000,10000000.0,0.0,0.0,4000000.0,15000000.0,4000000.0,457000000,0.0,35000000.0,0.0,0.0,855000000.0,1312000000,169000000.0,150000000.0,23000000.0,,
1996-09-30,QCOM,1996-12-03 00:00:00,1996-12-03 00:00:00,Q4,110000000.0,236000000.0,346000000.0,217000000,172000000.0,16000000.0,751000000,353000000,0.0,0.0,0.0,8000000.0,0.0,73000000.0,434000000,89000000.0,1185000000,230000000.0,81000000.0,0.0,0.0,13000000.0,326000000,11000000.0,0.0,0.0,4000000.0,14000000.0,4000000.0,340000000,0.0,26000000.0,0.0,0.0,845000000.0,1185000000,244000000.0,94000000.0,-16000000.0,https://www.sec.gov/Archives/edgar/data/804328/000093639296001149/0000936392-96-001149-index.html,https://www.sec.gov/Archives/edgar/data/804328/0000936392-96-001149.txt
1996-06-30,QCOM,1996-08-08 00:00:00,1996-08-08 00:00:00,Q3,99000000.0,209000000.0,309000000.0,193000000,130000000.0,16000000.0,648000000,298000000,0.0,0.0,0.0,17000000.0,0.0,71000000.0,387000000,88000000.0,1035000000,154000000.0,0.0,0.0,0.0,10000000.0,166000000,37000000.0,0.0,0.0,2000000.0,39000000.0,2000000.0,205000000,0.0,18000000.0,0.0,0.0,830000000.0,1035000000,226000000.0,39000000.0,-60000000.0,https://www.sec.gov/Archives/edgar/data/804328/000093639296000562/0000936392-96-000562-index.html,https://www.sec.gov/Archives/edgar/data/804328/0000936392-96-000562.txt
1996-03-31,QCOM,1996-05-13 00:00:00,1996-05-13 00:00:00,Q2,220000000.0,143000000.0,363000000.0,133000000,109000000.0,21000000.0,626000000,261000000,0.0,0.0,0.0,17000000.0,0.0,70000000.0,348000000,91000000.0,974000000,109000000.0,0.0,0.0,0.0,13000000.0,123000000,29000000.0,0.0,0.0,2000000.0,31000000.0,2000000.0,154000000,0.0,16000000.0,0.0,0.0,820000000.0,974000000,160000000.0,30000000.0,-190000000.0,https://www.sec.gov/Archives/edgar/data/804328/000093639296000171/0000936392-96-000171-index.html,https://www.sec.gov/Archives/edgar/data/804328/0000936392-96-000171.txt
1995-12-31,QCOM,,,Q1,308000000.0,132000000.0,440000000.0,108000000,71000000.0,36000000.0,655000000,241000000,0.0,0.0,0.0,12000000.0,0.0,54000000.0,306000000,90000000.0,961000000,109000000.0,0.0,0.0,0.0,11000000.0,121000000,28000000.0,0.0,0.0,2000000.0,30000000.0,2000000.0,151000000,0.0,15000000.0,0.0,0.0,811000000.0,961000000,144000000.0,28000000.0,-280000000.0,,
1995-09-30,QCOM,,,Q4,501000000.0,66000000.0,567000000.0,83000000,44000000.0,11000000.0,705000000,186000000,0.0,0.0,0.0,12000000.0,0.0,39000000.0,236000000,50000000.0,941000000,96000000.0,0.0,0.0,0.0,8000000.0,105000000,33000000.0,0.0,0.0,3000000.0,36000000.0,3000000.0,141000000,0.0,5000000.0,0.0,0.0,800000000.0,941000000,78000000.0,34000000.0,-467000000.0,,
1995-06-25,QCOM,,,Q3,65000000.0,21000000.0,86000000.0,69000000,32000000.0,10000000.0,197000000,153000000,0.0,0.0,0.0,12000000.0,0.0,37000000.0,202000000,47000000.0,399000000,68000000.0,0.0,0.0,0.0,8000000.0,78000000,29000000.0,0.0,0.0,3000000.0,32000000.0,3000000.0,110000000,0.0,-6000000.0,0.0,0.0,289000000.0,399000000,33000000.0,31000000.0,-34000000.0,,
1995-03-26,QCOM,,,Q2,27000000.0,64000000.0,91000000.0,73000000,20000000.0,7000000.0,191000000,137000000,0.0,0.0,0.0,12000000.0,0.0,27000000.0,177000000,34000000.0,368000000,48000000.0,0.0,0.0,0.0,9000000.0,59000000,27000000.0,0.0,0.0,3000000.0,30000000.0,3000000.0,89000000,0.0,-13000000.0,0.0,0.0,279000000.0,368000000,76000000.0,29000000.0,2000000.0,,
1994-12-25,QCOM,,,Q1,28000000.0,70000000.0,98000000.0,63000000,22000000.0,6000000.0,189000000,121000000,0.0,0.0,0.0,12000000.0,0.0,28000000.0,161000000,34000000.0,350000000,41000000.0,0.0,0.0,0.0,8000000.0,53000000,25000000.0,0.0,0.0,4000000.0,28000000.0,4000000.0,81000000,0.0,-19000000.0,0.0,0.0,269000000.0,350000000,82000000.0,29000000.0,1000000.0,,
1994-09-30,QCOM,,,Q4,45000000.0,92000000.0,137000000.0,63000000,16000000.0,5000000.0,221000000,114000000,0.0,0.0,0.0,0.0,0.0,24000000.0,137000000,29000000.0,358000000,59000000.0,0.0,0.0,0.0,6000000.0,69000000,24000000.0,0.0,0.0,3000000.0,27000000.0,3000000.0,96000000,0.0,-25000000.0,0.0,0.0,262000000.0,358000000,92000000.0,27000000.0,-18000000.0,,
1994-06-26,QCOM,,,Q3,34000000.0,113000000.0,147000000.0,47000000,19000000.0,6000000.0,219000000,107000000,0.0,0.0,0.0,0.0,0.0,12000000.0,119000000,18000000.0,338000000,42000000.0,0.0,0.0,0.0,5000000.0,50000000,23000000.0,0.0,0.0,4000000.0,27000000.0,4000000.0,77000000,0.0,-24000000.0,0.0,0.0,261000000.0,338000000,113000000.0,27000000.0,-7000000.0,,
1994-03-27,QCOM,,,Q2,62000000.0,107000000.0,169000000.0,47000000,19000000.0,4000000.0,239000000,79000000,0.0,0.0,0.0,0.0,0.0,10000000.0,89000000,14000000.0,328000000,39000000.0,0.0,0.0,0.0,6000000.0,50000000,23000000.0,0.0,0.0,3000000.0,27000000.0,3000000.0,77000000,0.0,-30000000.0,0.0,0.0,251000000.0,328000000,107000000.0,28000000.0,-34000000.0,,
1993-12-26,QCOM,,,Q1,48000000.0,123000000.0,171000000.0,37000000,18000000.0,1000000.0,227000000,73000000,0.0,0.0,0.0,0.0,0.0,11000000.0,84000000,12000000.0,311000000,30000000.0,0.0,0.0,0.0,6000000.0,40000000,24000000.0,0.0,0.0,3000000.0,28000000.0,3000000.0,68000000,0.0,-36000000.0,0.0,0.0,243000000.0,311000000,123000000.0,29000000.0,-19000000.0,,
1993-09-30,QCOM,,,Q4,97000000.0,95000000.0,192000000.0,34000000,14000000.0,2000000.0,242000000,62000000,0.0,0.0,0.0,0.0,0.0,3000000.0,65000000,4000000.0,307000000,29000000.0,0.0,0.0,0.0,6000000.0,41000000,25000000.0,0.0,0.0,4000000.0,29000000.0,4000000.0,70000000,0.0,-41000000.0,0.0,0.0,237000000.0,307000000,95000000.0,31000000.0,-66000000.0,,
1993-06-27,QCOM,,,Q3,29000000.0,18000000.0,47000000.0,29000000,13000000.0,2000000.0,91000000,51000000,0.0,0.0,0.0,0.0,0.0,3000000.0,54000000,5000000.0,145000000,26000000.0,0.0,0.0,0.0,9000000.0,40000000,24000000.0,0.0,0.0,5000000.0,29000000.0,5000000.0,69000000,0.0,-48000000.0,0.0,0.0,76000000.0,145000000,18000000.0,29000000.0,0.0,,
1993-03-28,QCOM,,,Q2,31000000.0,18000000.0,49000000.0,27000000,9000000.0,1000000.0,86000000,47000000,0.0,0.0,0.0,0.0,0.0,3000000.0,51000000,5000000.0,137000000,22000000.0,0.0,0.0,0.0,11000000.0,39000000,24000000.0,0.0,0.0,4000000.0,28000000.0,4000000.0,67000000,0.0,-54000000.0,0.0,0.0,70000000.0,137000000,18000000.0,30000000.0,-1000000.0,,
1992-12-27,QCOM,,,Q1,25000000.0,25000000.0,50000000.0,29000000,8000000.0,0.0,87000000,22000000,0.0,0.0,0.0,0.0,0.0,1000000.0,24000000,2000000.0,111000000,18000000.0,0.0,0.0,0.0,10000000.0,33000000,6000000.0,0.0,0.0,4000000.0,10000000.0,4000000.0,43000000,0.0,-54000000.0,0.0,0.0,68000000.0,111000000,25000000.0,10000000.0,-15000000.0,,
1992-09-27,QCOM,,,Q4,40000000.0,14000000.0,54000000.0,25000000,7000000.0,1000000.0,87000000,20000000,0.0,0.0,0.0,0.0,0.0,1000000.0,21000000,2000000.0,108000000,16000000.0,0.0,0.0,0.0,9000000.0,30000000,6000000.0,0.0,0.0,4000000.0,10000000.0,4000000.0,40000000,0.0,-53000000.0,0.0,0.0,69000000.0,108000000,14000000.0,10000000.0,-30000000.0,,
1992-06-28,QCOM,,,Q3,39000000.0,10000000.0,50000000.0,25000000,7000000.0,0.0,82000000,19000000,0.0,0.0,0.0,0.0,0.0,2000000.0,21000000,3000000.0,103000000,8000000.0,0.0,0.0,0.0,7000000.0,27000000,7000000.0,0.0,0.0,2000000.0,8000000.0,2000000.0,35000000,0.0,-52000000.0,0.0,0.0,67000000.0,103000000,10000000.0,10000000.0,-29000000.0,,
1992-03-29,QCOM,,,Q2,45000000.0,4000000.0,49000000.0,24000000,6000000.0,1000000.0,80000000,18000000,0.0,0.0,0.0,0.0,0.0,1000000.0,20000000,2000000.0,100000000,7000000.0,0.0,0.0,0.0,5000000.0,23000000,7000000.0,0.0,0.0,2000000.0,10000000.0,2000000.0,33000000,0.0,-51000000.0,0.0,0.0,67000000.0,100000000,4000000.0,10000000.0,-35000000.0,,
1991-12-31,QCOM,,,Q1,64000000.0,0.0,64000000.0,17000000,7000000.0,1000000.0,89000000,17000000,0.0,0.0,0.0,0.0,0.0,1000000.0,19000000,2000000.0,108000000,9000000.0,0.0,0.0,0.0,8000000.0,27000000,11000000.0,0.0,0.0,2000000.0,12000000.0,2000000.0,39000000,0.0,-50000000.0,0.0,0.0,69000000.0,108000000,0.0,14000000.0,-50000000.0,,
1991-09-29,QCOM,,,Q4,0.0,0.0,0.0,17000000,6000000.0,0.0,23000000,17000000,0.0,0.0,0.0,0.0,0.0,2000000.0,19000000,3000000.0,42000000,14000000.0,1000000.0,0.0,0.0,7000000.0,26000000,12000000.0,0.0,0.0,2000000.0,13000000.0,2000000.0,39000000,0.0,-48000000.0,0.0,0.0,3000000.0,42000000,0.0,17000000.0,17000000.0,,
