date,symbol,fillingDate,acceptedDate,period,netIncome,depreciationAndAmortization,deferredIncomeTax,stockBasedCompensation,changeInWorkingCapital,accountsReceivables,inventory,accountsPayables,otherWorkingCapital,otherNonCashItems,netCashProvidedByOperatingActivities,investmentsInPropertyPlantAndEquipment,acquisitionsNet,purchasesOfInvestments,salesMaturitiesOfInvestments,otherInvestingActivites,netCashUsedForInvestingActivites,debtRepayment,commonStockIssued,commonStockRepurchased,dividendsPaid,otherFinancingActivites,netCashUsedProvidedByFinancingActivities,effectOfForexChangesOnCash,netChangeInCash,cashAtEndOfPeriod,cashAtBeginningOfPeriod,operatingCashFlow,capitalExpenditure,freeCashFlow,link,finalLink
2020-07-26,NVDA,2020-08-19 00:00:00,2020-08-19 16:36:51,Q2,622000000.0,404000000.0,-80000000.0,374000000,256000000.0,44000000,54000000,-8000000,12271000000,365000000.0,1567000000.0,-217000000,-7137000000,-7426000000,1290000000,0,-13490000000.0,0,0,0.0,-99000000.0,-12418000000,-297000000.0,0,-12220000000.0,3274000000.0,15494000000,1567000000.0,-217000000.0,1350000000.0,https://www.sec.gov/Archives/edgar/data/1045810/000104581020000147/0001045810-20-000147-index.htm,https://www.sec.gov/Archives/edgar/data/1045810/000104581020000147/nvda-20200726.htm
2020-04-26,NVDA,2020-05-21 00:00:00,2020-05-21 16:32:58,Q1,917000000.0,107000000.0,16000000.0,224000000,-359000000.0,-249000000,-151000000,71000000,17681000000,228000000.0,909000000.0,-155000000,-34000000,-867000000,1000000,0,-1055000000.0,0,0,88000000.0,-98000000.0,20336000000,4744000000.0,0,4598000000.0,15494000000.0,10896000000,909000000.0,-155000000.0,754000000.0,https://www.sec.gov/Archives/edgar/data/1045810/000104581020000065/0001045810-20-000065-index.htm,https://www.sec.gov/Archives/edgar/data/1045810/000104581020000065/nvda-20200426.htm
2020-01-26,NVDA,2020-02-20 00:00:00,2020-02-20 16:38:18,Q4,951000000.0,106000000.0,23000000.0,220000000,165000000.0,-201000000,66000000,103000000,11906000000,220000000.0,1465000000.0,-145000000,0,0,0,0,-151000000.0,0,0,3000000.0,-98000000.0,0,-183000000.0,0,1131000000.0,10896000000.0,9765000000,1465000000.0,-145000000.0,1320000000.0,https://www.sec.gov/Archives/edgar/data/1045810/000104581020000010/0001045810-20-000010-index.html,https://www.sec.gov/Archives/edgar/data/1045810/000104581020000010/nvda-2020x10k.htm
2019-10-27,NVDA,2019-11-14 00:00:00,2019-11-14 16:36:33,Q3,898000000.0,92000000.0,22000000.0,223000000,401000000.0,105000000,153000000,136000000,10945000000,227000000.0,1640000000.0,-103000000,0,0,0,0,1256000000.0,0,0,63000000.0,-97000000.0,0,-236000000.0,0,2660000000.0,9765000000.0,7105000000,1640000000.0,-103000000.0,1537000000.0,https://www.sec.gov/Archives/edgar/data/1045810/000104581019000170/0001045810-19-000170-index.html,https://www.sec.gov/Archives/edgar/data/1045810/000104581019000170/nvda2020q310q.htm
2019-07-28,NVDA,2019-08-15 00:00:00,2019-08-15 17:20:59,Q2,553000000.0,92000000.0,15000000.0,223000000,50000000.0,-319000000,225000000,78000000,10074000000,226000000.0,936000000.0,-113000000,0,-839000000,0,0,3545000000.0,0,0,0.0,-98000000.0,0,-148000000.0,0,4333000000.0,7105000000.0,2772000000,936000000.0,-113000000.0,823000000.0,https://www.sec.gov/Archives/edgar/data/1045810/000104581019000144/0001045810-19-000144-index.html,https://www.sec.gov/Archives/edgar/data/1045810/000104581019000144/nvda2020q210q.htm
2019-04-28,NVDA,2019-05-16 00:00:00,2019-05-16 16:36:34,Q1,394000000.0,91000000.0,-42000000.0,178000000,101000000.0,182000000,153000000,-123000000,9446000000,176000000.0,720000000.0,-128000000,0,-622000000,0,0,1495000000.0,0,0,83000000.0,-97000000.0,0,-225000000.0,0,1990000000.0,2772000000.0,782000000,720000000.0,-128000000.0,592000000.0,https://www.sec.gov/Archives/edgar/data/1045810/000104581019000079/0001045810-19-000079-index.html,https://www.sec.gov/Archives/edgar/data/1045810/000104581019000079/nvda2020q110q.htm
2019-01-27,NVDA,2019-02-21 00:00:00,2019-02-21 16:37:18,Q4,566000000.0,78000000.0,-345000000.0,157000000,452000000.0,794000000,-156000000,-359000000,9228000000,147000000.0,898000000.0,-203000000,0,-1036000000,0,0,40000000.0,0,0,-722000000.0,-98000000.0,0,-877000000.0,0,61000000.0,782000000.0,721000000,898000000.0,-203000000.0,695000000.0,https://www.sec.gov/Archives/edgar/data/1045810/000104581019000023/0001045810-19-000023-index.html,https://www.sec.gov/Archives/edgar/data/1045810/000104581019000023/nvda-2019x10k.htm
2018-10-28,NVDA,2018-11-15 00:00:00,2018-11-15 16:32:23,Q3,1230000000.0,68000000.0,-83000000.0,138000000,-853000000.0,-557000000,-325000000,52000000,9778000000,125000000.0,487000000.0,-150000000,0,-2976000000,0,0,219000000.0,0,0,-134000000.0,-91000000.0,0,-703000000.0,0,3000000.0,721000000.0,718000000,487000000.0,-150000000.0,337000000.0,https://www.sec.gov/Archives/edgar/data/1045810/000104581018000150/0001045810-18-000150-index.html,https://www.sec.gov/Archives/edgar/data/1045810/000104581018000150/nvda2019q310q.htm
2018-07-29,NVDA,2018-08-16 00:00:00,2018-08-16 16:31:19,Q2,1101000000.0,59000000.0,62000000.0,133000000,-428000000.0,-442000000,-293000000,150000000,9369000000,119000000.0,913000000.0,-129000000,0,-3431000000,0,0,-805000000.0,0,0,3000000.0,-91000000.0,0,-155000000.0,0,-47000000.0,718000000.0,765000000,913000000.0,-129000000.0,784000000.0,https://www.sec.gov/Archives/edgar/data/1045810/000104581018000114/0001045810-18-000114-index.html,https://www.sec.gov/Archives/edgar/data/1045810/000104581018000114/nvda2019q210q.htm
2018-04-29,NVDA,2018-05-22 00:00:00,2018-05-22 16:35:51,Q1,1244000000.0,57000000.0,51000000.0,129000000,-28000000.0,56000000,-2000000,22000000,8342000000,121000000.0,1445000000.0,-118000000,0,-3705000000,0,0,-3551000000.0,0,0,-589000000.0,-91000000.0,0,-1131000000.0,0,-3237000000.0,765000000.0,4002000000,1445000000.0,-118000000.0,1327000000.0,https://www.sec.gov/Archives/edgar/data/1045810/000104581018000080/0001045810-18-000080-index.html,https://www.sec.gov/Archives/edgar/data/1045810/000104581018000080/nvda2019q110q.htm
2018-01-28,NVDA,2018-02-28 00:00:00,2018-02-28 16:31:19,Q4,1119000000.0,54000000.0,-517000000.0,126000000,571000000.0,-98000000,61000000,63000000,8102000000,131000000.0,1358000000.0,-416000000,0,0,0,0,-24000000.0,0,0,7000000.0,-91000000.0,0,-134000000.0,0,1200000000.0,4002000000.0,2802000000,1358000000.0,-416000000.0,942000000.0,https://www.sec.gov/Archives/edgar/data/1045810/000104581018000010/0001045810-18-000010-index.html,https://www.sec.gov/Archives/edgar/data/1045810/000104581018000010/nvda-2018x10k.htm
2017-10-29,NVDA,2017-11-21 00:00:00,2017-11-21 16:25:20,Q3,837000000.0,49000000.0,43000000.0,107000000,115000000.0,45000000,0,90000000,7452000000,113000000.0,1157000000.0,-69000000,0,0,0,0,286000000.0,0,0,-95000000.0,-84000000.0,0,-629000000.0,0,814000000.0,2802000000.0,1988000000,1157000000.0,-69000000.0,1088000000.0,https://www.sec.gov/Archives/edgar/data/1045810/000104581017000172/0001045810-17-000172-index.html,https://www.sec.gov/Archives/edgar/data/1045810/000104581017000172/nvda2018q310q.htm
2017-07-30,NVDA,2017-08-23 00:00:00,2017-08-23 16:24:51,Q2,584000000.0,49000000.0,93000000.0,82000000,-110000000.0,-237000000,-34000000,70000000,7038000000,89000000.0,705000000.0,-54000000,0,0,0,0,262000000.0,0,0,-747000000.0,-84000000.0,0,-968000000.0,0,-1000000.0,1988000000.0,1989000000,705000000.0,-54000000.0,651000000.0,https://www.sec.gov/Archives/edgar/data/1045810/000104581017000123/0001045810-17-000123-index.html,https://www.sec.gov/Archives/edgar/data/1045810/000104581017000123/nvda2018q210q.htm
2017-04-30,NVDA,2017-05-23 00:00:00,2017-05-23 16:34:55,Q1,507000000.0,47000000.0,22000000.0,76000000,-391000000.0,-150000000,-27000000,-133000000,7133000000,97000000.0,282000000.0,-54000000,0,-36000000,0,0,754000000.0,0,0,65000000.0,-82000000.0,0,-813000000.0,0,223000000.0,1989000000.0,1766000000,282000000.0,-54000000.0,228000000.0,https://www.sec.gov/Archives/edgar/data/1045810/000104581017000075/0001045810-17-000075-index.html,https://www.sec.gov/Archives/edgar/data/1045810/000104581017000075/nvda2018q110q.htm
2017-01-29,NVDA,2017-03-01 00:00:00,2017-03-01 17:30:49,Q4,654000000.0,47000000.0,51000000.0,71000000,-115000000.0,7000000,-114000000,-34000000,6748000000,84000000.0,721000000.0,-51000000,0,-885000000,0,0,-373000000.0,436000000,0,-210000000.0,-76000000.0,0,-522000000.0,0,-174000000.0,1766000000.0,1940000000,721000000.0,-51000000.0,670000000.0,https://www.sec.gov/Archives/edgar/data/1045810/000104581017000027/0001045810-17-000027-index.html,https://www.sec.gov/Archives/edgar/data/1045810/000104581017000027/nvda-2017x10k.htm
2016-10-30,NVDA,2016-11-22 00:00:00,2016-11-22 16:29:33,Q3,543000000.0,48000000.0,69000000.0,65000000,-316000000.0,-190000000,-157000000,87000000,6266000000,88000000.0,432000000.0,-38000000,0,-834000000,0,0,-327000000.0,-442000000,-40000000,-120000000.0,-61000000.0,0,1409000000.0,0,1514000000.0,1940000000.0,426000000,432000000.0,-38000000.0,394000000.0,https://www.sec.gov/Archives/edgar/data/1045810/000104581016000353/0001045810-16-000353-index.html,https://www.sec.gov/Archives/edgar/data/1045810/000104581016000353/nvda2017q310q.htm
2016-07-31,NVDA,2016-08-23,2016-08-23 17:20:18,Q2,261000000.0,47000000.0,47000000.0,58000000,-230000000.0,-121000000,-127000000,99000000,3749000000,75000000.0,200000000.0,-32000000,0,-946000000,0,0,-269000000.0,-1000000,20000000,12000000.0,-62000000.0,0,-52000000.0,0,-121000000.0,426000000.0,547000000,200000000.0,-32000000.0,168000000.0,https://www.sec.gov/Archives/edgar/data/1045810/000104581016000300/nvda2017q210q.htm,https://www.sec.gov/Archives/edgar/data/1045810/000104581016000300/nvda2017q210q.htm
2016-05-01,NVDA,2016-05-25 00:00:00,2016-05-25 16:55:13,Q1,208000000.0,45000000.0,30000000.0,53000000,-18000000.0,-17000000,23000000,32000000,3413000000,54000000.0,319000000.0,-55000000,0,-469000000,0,0,176000000.0,-1000000,20000000,-430000000.0,-62000000.0,0,-544000000.0,0,-49000000.0,547000000.0,596000000,319000000.0,-55000000.0,264000000.0,https://www.sec.gov/Archives/edgar/data/1045810/000104581016000275/0001045810-16-000275-index.html,https://www.sec.gov/Archives/edgar/data/1045810/000104581016000275/nvda2017q110q.htm
2016-01-31,NVDA,2016-03-17 00:00:00,2016-03-16 18:07:18,Q4,208000000.0,46000000.0,27000000.0,59000000,157000000.0,31000000,7000000,-18000000,3702000000,73000000.0,511000000.0,-15000000,0,-808000000,0,0,-213000000.0,0,21000000,-114000000.0,-61000000.0,0,-173000000.0,0,125000000.0,596000000.0,471000000,511000000.0,-15000000.0,496000000.0,https://www.sec.gov/Archives/edgar/data/1045810/000104581016000205/0001045810-16-000205-index.html,https://www.sec.gov/Archives/edgar/data/1045810/000104581016000205/nvda-2016x10k.htm
2015-10-25,NVDA,2015-11-18 00:00:00,2015-11-18 16:39:57,Q3,246000000.0,48000000.0,42000000.0,52000000,-148000000.0,-22000000,17000000,20000000,4979000000,67000000.0,255000000.0,-17000000,0,-808000000,0,0,-199000000.0,-1000000,35000000,35000000.0,-53000000.0,0,-20000000.0,0,36000000.0,471000000.0,435000000,255000000.0,-17000000.0,238000000.0,https://www.sec.gov/Archives/edgar/data/1045810/000104581015000173/0001045810-15-000173-index.html,https://www.sec.gov/Archives/edgar/data/1045810/000104581015000173/nvda2016q310q.htm
2015-07-26,NVDA,2015-08-19 00:00:00,2015-08-19 16:41:18,Q2,26000000.0,49000000.0,37000000.0,48000000,-40000000.0,-59000000,-3000000,54000000,4672000000,91000000.0,163000000.0,-24000000,0,-594000000,0,0,247000000.0,-1000000,14000000,-385000000.0,-53000000.0,0,-439000000.0,0,-29000000.0,435000000.0,464000000,163000000.0,-24000000.0,139000000.0,https://www.sec.gov/Archives/edgar/data/1045810/000104581015000143/0001045810-15-000143-index.html,https://www.sec.gov/Archives/edgar/data/1045810/000104581015000143/nvda2016q210q.htm
2015-04-26,NVDA,2015-05-20 00:00:00,2015-05-20 16:55:12,Q1,134000000.0,54000000.0,28000000.0,45000000,-20000000.0,18000000,45000000,-67000000,4949000000,50000000.0,246000000.0,-30000000,0,-1267000000,0,0,-235000000.0,-1000000,50000000,-3000000.0,-46000000.0,0,-44000000.0,0,-33000000.0,464000000.0,497000000,246000000.0,-30000000.0,216000000.0,https://www.sec.gov/Archives/edgar/data/1045810/000104581015000097/0001045810-15-000097-index.html,https://www.sec.gov/Archives/edgar/data/1045810/000104581015000097/nvda2016q110q.htm
2015-01-25,NVDA,2015-03-12,2015-03-11 19:48:05,Q4,193100000.00000003,53900000.00000001,20499999.999999993,42470000000,126500000.0,89405000000,-75109000000,-36722000000,4817000000,48700000.0,442800000.00000006,-31045000000,0,-735730000000,0,0,-318100000.0,-757000000,23781000000,20199999.999999933,-46300000.00000001,0,-22500000.0,0,102000000.0,497000000.0,395000000,442800000.00000006,-31100000.00000001,411700000.00000006,https://www.sec.gov/Archives/edgar/data/1045810/000104581015000036/nvda-2015x10k.htm,https://www.sec.gov/Archives/edgar/data/1045810/000104581015000036/nvda-2015x10k.htm
2014-10-26,NVDA,2014-11-19 00:00:00,2014-11-18 19:09:07,Q3,172500000.0,55199999.99999999,24100000.0,41435000000,-81000000.0,-92982000000,-20383000000,73475000000,4407000000,45200000.0,215899999.99999997,-39741000000,0,-443225000000,0,0,-14899999.999999978,-737000000,31471000000,-278299999.99999994,-46199999.99999999,0,-321000000.0,0,-119899999.99999999,395100000.0,515000000,215899999.99999997,-39300000.0,176599999.99999997,https://www.sec.gov/Archives/edgar/data/1045810/000104581014000188/0001045810-14-000188-index.html,https://www.sec.gov/Archives/edgar/data/1045810/000104581014000188/nvda2015q310q.htm
2014-07-27,NVDA,2014-08-20 00:00:00,2014-08-20 16:27:59,Q2,128500000.0,55900000.0,16500000.0,38415000000,-157300000.0,-73824000000,6187000000,-48768000000,4509000000,52400000.0,96000000.0,-22527000000,0,-681781000000,0,0,-63699999.99999999,-714000000,17988000000,17800000.00000001,-47300000.0,0,-26899999.999999978,0,5399999.999999977,514400000.0,509000000,96000000.0,-22900000.0,73100000.0,https://www.sec.gov/Archives/edgar/data/1045810/000104581014000158/0001045810-14-000158-index.html,https://www.sec.gov/Archives/edgar/data/1045810/000104581014000158/nvda2015q210q.htm
2014-04-27,NVDA,2014-05-21 00:00:00,2014-05-21 16:11:13,Q1,136500000.0,55100000.0,21500000.0,35521000000,-90700000.0,28077000000,-5679000000,-14880000000,4376000000,28600000.0,151000000.0,-29068000000,0,-1001073000000,0,0,-330300000.0,-709000000,80232000000,-419800000.0,-46700000.0,0,-463100000.0,0,-642400000.0,509600000.0,1152000000,151000000.0,-29100000.0,121900000.0,https://www.sec.gov/Archives/edgar/data/1045810/000104581014000085/0001045810-14-000085-index.html,https://www.sec.gov/Archives/edgar/data/1045810/000104581014000085/nvda2015q110q.htm
2014-01-26,NVDA,2014-03-13,2014-03-12 19:18:57,Q4,146899999.99999997,54799999.99999998,7500000.0,36204000000,150700000.0,21046000000,-7527000000,17994000000,4680000000,40600000.00000001,400700000.00000006,-66374000000,-17145000000,-1644933000000,0,0,-1099600000.0,-10693000000,-5649000000,27299999.999999955,-48300000.00000001,0,1288400000.0,0,589500000.0,1151500000.0,562000000,400700000.00000006,-66399999.99999998,334300000.00000006,https://www.sec.gov/Archives/edgar/data/1045810/000104581014000030/nvda-2014x10k.htm,https://www.sec.gov/Archives/edgar/data/1045810/000104581014000030/nvda-2014x10k.htm
2013-10-27,NVDA,2013-11-19 00:00:00,2013-11-19 16:30:37,Q3,118800000.00000001,62700000.00000002,8500000.0,34299000000,-58000000.0,-29465000000,-2544000000,-1924000000,3064000000,30400000.000000007,162299999.99999994,-38159000000,0,-484257000000,0,0,-187300000.0,9623000000,33446000000,33400000.00000009,-43400000.00000001,0,-4199999.999999932,0,-29199999.99999999,561800000.0,591000000,162299999.99999994,-38100000.00000002,124199999.99999993,https://www.sec.gov/Archives/edgar/data/1045810/000104581013000109/0001045810-13-000109-index.html,https://www.sec.gov/Archives/edgar/data/1045810/000104581013000109/nvda2014q310q.htm
2013-07-28,NVDA,2013-08-21 00:00:00,2013-08-21 16:25:58,Q2,96400000.0,61899999.99999999,2500000.0,32395000000,-93300000.0,-71205000000,-6788000000,16649000000,2987000000,28999999.999999996,96400000.00000003,-84986000000,0,-394264000000,-378281000000,0,711800000.0,-593000000,8307000000,-741700000.0,-43300000.0,0,-778400000.0,0,29900000.000000007,590900000.0,561000000,96400000.00000003,-84999999.99999999,11400000.00000004,https://www.sec.gov/Archives/edgar/data/1045810/000104581013000075/0001045810-13-000075-index.html,https://www.sec.gov/Archives/edgar/data/1045810/000104581013000075/nvda2014q210q.htm
2013-04-28,NVDA,2013-05-22 00:00:00,2013-05-22 17:06:15,Q1,77900000.0,59700000.0,-3100000.0,33397000000,12800000.0,108476000000,41510000000,-53101000000,3681000000,28300000.0,175700000.0,-65667000000,0,-541950000000,378281000000,0,-230800000.0,-576000000,22996000000,-77000000.0,-46300000.0,0,-116200000.0,0,-171400000.0,561600000.0,733000000,175700000.0,-65700000.0,110000000.0,https://www.sec.gov/Archives/edgar/data/1045810/000104581013000054/0001045810-13-000054-index.html,https://www.sec.gov/Archives/edgar/data/1045810/000104581013000054/nvda2014q110q.htm
2013-01-27,NVDA,2013-03-12 00:00:00,2013-03-12 17:03:06,Q4,173899999.99999997,58399999.99999998,-10800000.000000004,35769000000,228800000.0,-9932000000,9429000000,-38214000000,3799000000,700000.0000000028,451000000.00000006,-47758000000,0,-649138000000,555243000000,0,-141399999.99999997,-527000000,2154000000,-97900000.0,-46900000.0,0,-102200000.0,0,207400000.0,732400000.0,525000000,451000000.00000006,-47700000.00000002,403300000.00000006,https://www.sec.gov/Archives/edgar/data/1045810/000104581013000008/0001045810-13-000008-index.html,https://www.sec.gov/Archives/edgar/data/1045810/000104581013000008/nvda-2013x10k.htm
2012-10-28,NVDA,2012-11-19 00:00:00,2012-11-19 16:38:36,Q3,209100000.00000003,57100000.00000001,28900000.000000004,33069000,-146700000.00000003,210000,-41544000,-16547000,3434000000,33000000.0,181500000.0,-44684000,0,-481643000,343311000,0,-182800000.0,-511000,20103000,20099999.999999993,0.0,0,27100000.00000001,0,25800000.00000001,525800000.0,500000000,181500000.0,-44699999.99999999,136800000.0,https://www.sec.gov/Archives/edgar/data/1045810/000104581012000060/0001045810-12-000060-index.html,https://www.sec.gov/Archives/edgar/data/1045810/000104581012000060/nvda2013q310q.htm
2012-07-29,NVDA,2012-08-22 00:00:00,2012-08-22 16:40:38,Q2,119100000.0,56200000.0,10200000.000000002,32255000,-34300000.00000001,-33849000,-44643000,32130000,3192000000,49900000.00000001,200899999.99999997,-61944000,0,-433442000,410981000,0,-84699999.99999999,-496000,5317000,5300000.000000004,0.0,0,14299999.999999996,0,130399999.99999999,499400000.0,369000000,200899999.99999997,-62000000.00000001,138899999.99999997,https://www.sec.gov/Archives/edgar/data/1045810/000104581012000036/0001045810-12-000036-index.html,https://www.sec.gov/Archives/edgar/data/1045810/000104581012000036/nvda2013q210q.htm
2012-04-29,NVDA,2012-05-23,2012-05-23 16:32:57,Q1,60400000.0,54500000.0,3600000.0,35569000,-160100000.0,-75369000,-2191000,33516000,3085000000,32300000.0,-9200000.0,-28923000,0,-814222000,507875000,0,-335100000.0,-515000,37361000,37400000.0,0.0,0,45500000.0,0,-298700000.0,369300000.0,668000000,-9200000.0,-28900000.0,-38100000.0,https://www.sec.gov/Archives/edgar/data/1045810/000104581012000027/nvda2013q110q.htm,https://www.sec.gov/Archives/edgar/data/1045810/000104581012000027/nvda2013q110q.htm
2012-01-29,NVDA,2012-03-13 00:00:00,2012-03-13 16:56:38,Q4,116000000.0,51899999.99999998,4900000.000000002,35436000,197000000.0,35070000,-20864000,26490000,2975000000,40800000.00000001,410600000.0,-45182000,-847522000,-640548000,356935000,0,-328500000.0000001,-420000,19367000,19400000.000000007,0.0,0,19000000.0,0,101000000.0,668000000.0,567000000,410600000.0,-45099999.99999999,365500000.0,https://www.sec.gov/Archives/edgar/data/1045810/000104581012000013/0001045810-12-000013-index.html,https://www.sec.gov/Archives/edgar/data/1045810/000104581012000013/nvda-2012x10k.htm
2011-10-30,NVDA,2011-11-22 00:00:00,2011-11-22 16:31:51,Q3,178300000.0,52400000.00000001,-5900000.000000002,33230000,11000000.0,48677000,41917000,17584000,2613000000,8500000.0,244400000.00000003,-39035000,244417000,-612676000,362566000,0,-289199999.99999994,-457000,51705000,51700000.0,0.0,0,78899999.99999999,0,34199999.99999999,567200000.0,533000000,244400000.00000003,-39099999.99999999,205300000.00000003,https://www.sec.gov/Archives/edgar/data/1045810/000104581011000056/0001045810-11-000056-index.html,https://www.sec.gov/Archives/edgar/data/1045810/000104581011000056/nvda2011q310q.htm
2011-07-31,NVDA,2011-08-25 00:00:00,2011-08-25 16:18:41,Q2,151600000.00000003,52100000.00000001,11700000.000000002,35949000,-166400000.0,-63331000,33014000,-62106000,2358000000,33099999.999999993,82000000.0,-23323000,254221000,-283800000,384296000,0,-273200000.00000006,-379000,39499000,39500000.0,0.0,0,40200000.00000002,0,-151000000.0,533000000.0,684000000,82000000.0,-23300000.0,58700000.0,https://www.sec.gov/Archives/edgar/data/1045810/000104581011000046/0001045810-11-000046-index.html,https://www.sec.gov/Archives/edgar/data/1045810/000104581011000046/q212form10q.htm
2011-05-01,NVDA,2011-05-27 00:00:00,2011-05-27 17:08:28,Q1,135200000.0,47800000.0,8400000.0,31739000,-39500000.0,5820000,-35183000,53740000,2516000000,20300000.0,172200000.0,-31195000,0,-427874000,206946000,0,-252500000.0,-352000,85286000,85300000.0,0.0,0,98600000.0,0,18300000.0,683300000.0,665000000,172200000.0,-31200000.0,141000000.0,https://www.sec.gov/Archives/edgar/data/1045810/000104581011000031/0001045810-11-000031-index.html,https://www.sec.gov/Archives/edgar/data/1045810/000104581011000031/q112form10q.htm
2011-01-30,NVDA,2011-03-16,2011-03-16 16:33:51,Q4,171600000.0,46400000.00000001,-2400000.0,25368000,212899999.99999997,50908000,32618000,-47918000,2284000000,6199999.999999989,434699999.99999994,-21343000,0,-526377000,238976000,0,-309300000.00000006,-196000,73145000,73200000.00000001,0.0,0,88700000.0,0,214100000.0,665100000.0,451000000,434699999.99999994,-21400000.000000007,413299999.99999994,https://www.sec.gov/Archives/edgar/data/1045810/000104581011000015/fy2011form10k.htm,https://www.sec.gov/Archives/edgar/data/1045810/000104581011000015/fy2011form10k.htm
2010-10-31,NVDA,2010-12-07 00:00:00,2010-12-07 16:44:42,Q3,84900000.0,46899999.99999999,15000000.0,25177000,40700000.0,-3374000,56032000,45618000,1992000000,24700000.000000004,212200000.0,-21823000,0,-437697000,295667000,0,-163999999.99999997,-301000,26279000,26199999.99999999,0.0,0,26000000.0,0,74200000.0,451200000.0,377000000,212200000.0,-21799999.999999996,190400000.0,https://www.sec.gov/Archives/edgar/data/1045810/000104581010000045/0001045810-10-000045-index.html,https://www.sec.gov/Archives/edgar/data/1045810/000104581010000045/q311form10q.htm
2010-08-01,NVDA,2010-08-30 00:00:00,2010-08-30 16:18:13,Q2,-141000000.0,46600000.0,-29600000.0,24631000,129799999.99999999,133818000,-45962000,-84308000,1837000000,28500000.000000004,34300000.0,-37644000,0,-528663000,448731000,0,-119100000.00000001,-292000,14790000,14800000.000000004,0.0,0,14500000.0,0,-70200000.0,376800000.0,447000000,34300000.0,-37600000.0,-3300000.0,https://www.sec.gov/Archives/edgar/data/1045810/000104581010000029/0001045810-10-000029-index.html,https://www.sec.gov/Archives/edgar/data/1045810/000104581010000029/q211form10q.htm
2010-05-02,NVDA,2010-05-21 00:00:00,2010-05-21 16:36:56,Q1,137600000.0,47100000.0,14400000.0,25177000,-231700000.0,-155011000,-56816000,16822000,1962000000,27200000.0,-5400000.0,-17080000,0,-226963000,186701000,0,-57300000.0,-282000,63062000,63100000.0,0.0,0,62800000.0,0,0.0,447000000.0,447000000,-5400000.0,-17100000.0,-22500000.0,https://www.sec.gov/Archives/edgar/data/1045810/000104581010000018/0001045810-10-000018-index.html,https://www.sec.gov/Archives/edgar/data/1045810/000104581010000018/q111form10q.htm
2010-01-31,NVDA,2010-03-18 00:00:00,2010-03-17 19:16:55,Q4,131100000.0,47899999.99999998,4699999.999999999,0,-136200000.00000003,23008000,-53073000,22778000,1697000000,21800000.00000001,69199999.99999999,-22575000,0,-389338000,128139000,0,-283699999.99999994,1606000,45837000,45800000.0,0.0,0,47300000.0,0,-167300000.0,446700000.0,614000000,69199999.99999999,-22599999.999999993,46599999.99999999,https://www.sec.gov/Archives/edgar/data/1045810/000104581010000006/0001045810-10-000006-index.html,https://www.sec.gov/Archives/edgar/data/1045810/000104581010000006/fy2010form10k.htm
2009-10-25,NVDA,2009-11-19 00:00:00,2009-11-19 09:03:13,Q3,107500000.00000003,48800000.00000001,2199999.999999999,0,-42299999.999999955,-45991000,1165000,40102000,1469000000,25000000.0,141400000.00000003,-16593000,0,-274500000,196596000,0,-95500000.0,2714000,45100000,45100000.0,0.0,0,44900000.00000001,0,90700000.00000001,614700000.0,524000000,141400000.00000003,-16600000.0,124800000.00000003,https://www.sec.gov/Archives/edgar/data/1045810/000104581009000036/0001045810-09-000036-index.html,https://www.sec.gov/Archives/edgar/data/1045810/000104581009000036/q310form10q.htm
2009-07-26,NVDA,2009-08-20 00:00:00,2009-08-20 16:59:23,Q2,-105300000.00000001,49300000.0,-12600000.0,0,170399999.99999997,-47929000,45331000,49236000,1277000000,33500000.0,135100000.0,-17656000,0,-315022000,200739000,0,-131200000.0,119000,7432000,7399999.999999999,0.0,0,7500000.0,0,11500000.0,523500000.0,512000000,135100000.0,-17599999.999999996,117500000.0,https://www.sec.gov/Archives/edgar/data/1045810/000104581009000024/0001045810-09-000024-index.html,https://www.sec.gov/Archives/edgar/data/1045810/000104581009000024/q210form10q.htm
2009-04-26,NVDA,2009-05-20 00:00:00,2009-05-20 08:49:59,Q1,-201300000.0,50700000.0,-15400000.0,135735000,144500000.0,14171000,211233000,7250000,1319000000,163600000.0,142100000.0,-20777000,0,-215088000,226960000,0,-8900000.0,-222000,39660000,39700000.0,0.0,0,-38600000.0,0,94600000.0,512600000.0,418000000,142100000.0,-20800000.0,121300000.0,https://www.sec.gov/Archives/edgar/data/1045810/000104581009000017/0001045810-09-000017-index.html,https://www.sec.gov/Archives/edgar/data/1045810/000104581009000017/q110form10q.htm
2009-01-25,NVDA,2009-03-13 00:00:00,2009-03-13 09:02:25,Q4,-147600000.0,48000000.0,-24900000.000000004,41833000,64800000.0,289597000,-12141000,-168915000,1389000000,39800000.0,-19799999.99999998,-42975000,0,-81966000,95499000,0,-31400000.000000007,941000,6817000,6799999.999999954,0.0,0,7599999.999999966,0,-43600000.00000002,417400000.0,461000000,-19799999.99999998,-43000000.0,-62799999.999999985,https://www.sec.gov/Archives/edgar/data/1045810/000104581009000013/0001045810-09-000013-index.html,https://www.sec.gov/Archives/edgar/data/1045810/000104581009000013/fy2009form10k.htm
2008-12-01,NVDA,2008-12-02 00:00:00,2008-12-01 18:22:05,Q3,61748000.0,49304000.0,-3979000.0,39450000,-366000.0,71649000,-92015000,-26562000,1475634000,0.0,43003000.0,-109008000,0,-239283000,320639000,0,-27902000.0,2220000,26749000,0.0,0.0,0,-272991000.0,0,0.0,461253000.0,719143000,43003000.0,109008000.0,-66005000.0,https://www.sec.gov/Archives/edgar/data/1045810/000104581008000030/0001045810-08-000030-index.html,https://www.sec.gov/Archives/edgar/data/1045810/000104581008000030/q309form10q.htm
2008-10-26,NVDA,2008-12-02 00:00:00,2008-12-01 18:22:05,Q3,61699999.99999999,49300000.0,-3900000.0,0,-117300000.0,71000000,-92000000,52000000,1476000000,53300000.00000001,43000000.0,0,0,0,0,0,-27900000.000000007,0,0,-273000000.0,0.0,0,-273000000.0,0,-257900000.0,461100000.0,719000000,43000000.0,-109000000.0,-66000000.0,https://www.sec.gov/Archives/edgar/data/1045810/000104581008000030/0001045810-08-000030-index.html,https://www.sec.gov/Archives/edgar/data/1045810/000104581008000030/q309form10q.htm
2008-08-21,NVDA,2008-08-21,2008-08-21 08:57:58,Q2,-120929000.0,46306000.0,-25639000.0,39299000,203000.0,-28199000,-11990000,-19122000,1679203000,0.0,80957000.0,-53514000,0,-389055000,264705000,0,-174646000.0,2477000,9524000,0.0,0.0,0,9524000.0,0,0.0,719143000.0,803308000,80957000.0,53514000.0,27443000.0,https://www.sec.gov/Archives/edgar/data/1045810/000104581008000020/0001045810-08-000020-index.htm,https://www.sec.gov/Archives/edgar/data/1045810/000104581008000020/q209form10q.htm
2008-07-27,NVDA,2008-08-21 00:00:00,2008-08-21 08:57:58,Q2,-120900000.0,46300000.00000001,-25700000.0,0,161700000.0,-27000000,-12000000,-11000000,1679000000,19500000.0,81000000.0,0,0,0,0,0,-174600000.0,0,0,9500000.0,0.0,0,9500000.0,0,-84100000.0,718900000.0,803000000,81000000.0,-53500000.0,27500000.0,https://www.sec.gov/Archives/edgar/data/1045810/000104581008000020/0001045810-08-000020-index.html,https://www.sec.gov/Archives/edgar/data/1045810/000104581008000020/q209form10q.htm
2008-04-27,NVDA,2008-05-22 00:00:00,2008-05-22 08:42:53,Q1,176800000.0,41400000.0,31200000.0,42124000,-142500000.0,15826000,-61149000,-68608000,1872000000,38400000.0,145200000.0,-202173000,-27948000,-289649000,545803000,0,24500000.0,1982000,30457000,-93400000.0,0.0,0,-93400000.0,0,76300000.0,803300000.0,727000000,145200000.0,-202200000.0,-57000000.0,https://www.sec.gov/Archives/edgar/data/1045810/000104581008000016/0001045810-08-000016-index.html,https://www.sec.gov/Archives/edgar/data/1045810/000104581008000016/q109form10q.htm
2008-03-21,NVDA,2008-05-22 00:00:00,2008-05-22 08:42:53,FY,256993000.0,36936000.0,22237000.0,34497000,-332000.0,-113112000,-52280000,41779000,1921668000,0.0,252471000.0,-70339000,-75542000,-510542000,232127000,0,-425918000.0,-1971000,225969000,0.0,0.0,0,-156286000.0,0,0.0,726969000.0,1056702000,252471000.0,70339000.0,182132000.0,https://www.sec.gov/Archives/edgar/data/1045810/000104581008000016/0001045810-08-000016-index.html,https://www.sec.gov/Archives/edgar/data/1045810/000104581008000016/q109form10q.htm
2008-01-27,NVDA,,,Q4,256900000.0,36899999.99999999,22200000.000000004,0,-93799999.99999999,-114000000,-53000000,-42000000,1922000000,30000000.000000007,252500000.0,0,0,0,0,0,-425900000.0,0,0,-156500000.0,0.0,0,-156300000.0,0,-329699999.99999994,727300000.0000001,1057000000,252500000.0,-70299999.99999999,182200000.00000003,,
2007-11-21,NVDA,2007-11-21,2007-11-21 09:00:38,Q3,235661000.0,33030000.0,28002000.0,32003000,-388000.0,-43893000,-29899000,124411000,1899612000,0.0,380125000.0,-49703000,0,-283797000,147051000,0,-186449000.0,794000,0,0.0,0.0,0,-51719000.0,0,0.0,1056702000.0,914745000,380125000.0,49703000.0,330422000.0,https://www.sec.gov/Archives/edgar/data/1045810/000104581007000053/0001045810-07-000053-index.htm,https://www.sec.gov/Archives/edgar/data/1045810/000104581007000053/q308form10q.htm
2007-10-28,NVDA,2007-11-21 00:00:00,2007-11-21 09:00:38,Q3,235700000.00000006,33099999.999999993,28000000.0,0,100600000.0,-44000000,-30000000,-127000000,1900000000,3600000.0000000014,400800000.00000006,0,0,0,0,0,-207200000.0,0,0,-51700000.0,0.0,0,-51700000.0,0,141999999.99999994,1056999999.9999999,915000000,400800000.00000006,-70400000.0,330400000.00000006,https://www.sec.gov/Archives/edgar/data/1045810/000104581007000053/0001045810-07-000053-index.html,https://www.sec.gov/Archives/edgar/data/1045810/000104581007000053/q308form10q.htm
2007-08-22,NVDA,2007-11-21 00:00:00,2007-11-21 09:00:38,Q2,172732000.0,31892000.0,39277000.0,29460000,607000.0,-36897000,55649000,-10659000,1716607000,0.0,331111000.0,-30076000,0,-187698000,159886000,0,-57888000.0,1589000,-44111000,0.0,0.0,0,-37429000.0,0,0.0,914745000.0,678951000,331111000.0,30076000.0,301035000.0,https://www.sec.gov/Archives/edgar/data/1045810/000104581007000053/0001045810-07-000053-index.html,https://www.sec.gov/Archives/edgar/data/1045810/000104581007000053/q308form10q.htm
2007-07-29,NVDA,2007-08-22 00:00:00,2007-08-22 09:08:54,Q2,172700000.0,31900000.000000004,38400000.0,0,58599999.99999999,-36000000,57000000,11000000,1716000000,20099999.999999996,321700000.0,0,0,0,0,0,-48399999.99999999,0,0,-37399999.99999999,0.0,0,-37399999.99999999,0,235800000.0,914800000.0,679000000,321700000.0,-20700000.0,301000000.0,https://www.sec.gov/Archives/edgar/data/1045810/000104581007000045/0001045810-07-000045-index.html,https://www.sec.gov/Archives/edgar/data/1045810/000104581007000045/q208form10q.htm
2007-04-29,NVDA,2007-05-24 00:00:00,2007-05-24 08:50:49,Q1,132300000.0,31300000.0,900000.0,37405000,104500000.0,47847000,22840000,61344000,1530000000,26200000.0,295200000.0,-37627000,0,-268211000,214775000,0,-79800000.0,1916000,44111000,-80900000.0,0.0,0,-80900000.0,0,134500000.0,678500000.0,544000000,295200000.0,-26300000.0,268900000.0,https://www.sec.gov/Archives/edgar/data/1045810/000104581007000019/0001045810-07-000019-index.html,https://www.sec.gov/Archives/edgar/data/1045810/000104581007000019/q108form10q.htm
2007-01-28,NVDA,2007-03-16,2007-03-16 14:12:51,Q4,163500000.0,34300000.0,16199999.999999996,33491000,-44600000.00000001,-62926000,21145000,-43960000,1393000000,46600000.00000001,216000000.00000006,-75692000,-334763000,-41784000,80322000,0,-357500000.0,-598000,221160000,-33400000.0,0.0,0,-55800000.00000001,0,-197300000.0,544700000.0,742000000,216000000.00000006,-61200000.00000002,154800000.00000003,https://www.sec.gov/Archives/edgar/data/1045810/000104581007000008/fy2007annualreportonform10-k.htm,https://www.sec.gov/Archives/edgar/data/1045810/000104581007000008/fy2007annualreportonform10-k.htm
2006-10-29,NVDA,2006-12-07,2006-12-07 16:23:34,Q3,106500000.0,25099999.999999993,-2599999.999999998,31291000,137100000.00000003,19924000,5775000,50065000,1368000000,23299999.999999996,289299999.99999994,-28786000,-11000,-20016000,52452000,0,3599999.9999999944,2581000,0,52100000.0,0.0,0,60400000.00000001,0,353300000.0,741300000.0,388000000,289299999.99999994,-28799999.999999996,260499999.99999994,https://www.sec.gov/Archives/edgar/data/1045810/000104581006000035/q307form10q.htm,https://www.sec.gov/Archives/edgar/data/1045810/000104581006000035/q307form10q.htm
2006-07-30,NVDA,2006-11-29,2006-11-29 06:20:46,Q2,86700000.00000001,24200000.000000004,28200000.0,28904000,-141900000.0,-68124000,-30357000,-75221000,1221000000,20600000.0,17900000.000000007,-20111000,0,-66690000,71770000,0,-15000000.0,0,0,-109200000.0,0.0,0,-102200000.0,0,-99300000.00000001,388700000.0,488000000,17900000.000000007,-20099999.999999996,-2199999.999999992,https://www.sec.gov/Archives/edgar/data/1045810/000119312506243229/d10q.htm,https://www.sec.gov/Archives/edgar/data/1045810/000119312506243229/d10q.htm
2006-04-30,NVDA,2006-05-31,2006-05-31 17:01:49,Q1,92100000.0,24000000.0,0.0,23049000,-83500000.0,-64135000,-87958000,107729000,1189000000,16900000.0,49500000.0,-20667000,-67026000,-92344000,22523000,0,-157500000.0,24645000,0,36700000.0,0.0,0,44000000.0,0,-64000000.0,488000000.0,552000000,49500000.0,-20700000.0,28800000.0,https://www.sec.gov/Archives/edgar/data/1045810/000104581006000023/q107form10q.htm,https://www.sec.gov/Archives/edgar/data/1045810/000104581006000023/q107form10q.htm
2006-01-29,NVDA,2006-03-16,2006-03-16 17:08:37,Q4,97399999.99999999,23799999.999999996,-2700000.0,266000,80700000.0,34206000,30055000,3666000,1111000000,26300000.000000004,225399999.99999997,-23445000,0,-155527000,180400000,0,-10699999.999999996,0,0,-27200000.000000004,0.0,0,-27299999.999999996,0,187399999.99999997,551400000.0,364000000,225399999.99999997,-23399999.99999999,202000000.0,https://www.sec.gov/Archives/edgar/data/1045810/000104581006000014/fy2006annualreportonform10-k.htm,https://www.sec.gov/Archives/edgar/data/1045810/000104581006000014/fy2006annualreportonform10-k.htm
2005-10-30,NVDA,2005-11-23,2005-11-23 13:16:35,Q3,64400000.0,24500000.0,0.0,268000,-7100000.000000001,-6984000,16108000,-45318000,1023000000,2200000.0,84100000.0,-13466000,0,-49317000,101672000,0,29199999.999999996,0,0,9300000.000000004,0.0,0,8899999.999999998,0,122100000.00000001,364100000.0,242000000,84100000.0,-13500000.0,70600000.0,https://www.sec.gov/Archives/edgar/data/1045810/000104581005000028/q306form10q.htm,https://www.sec.gov/Archives/edgar/data/1045810/000104581005000028/q306form10q.htm
2005-07-31,NVDA,2005-08-25,2005-08-25 13:25:53,Q2,73900000.0,24800000.000000004,0.0,277000,-53599999.99999999,-98067000,6804000,38901000,977000000,2300000.0000000005,47300000.00000001,-29185000,0,-76803000,50310000,0,-55699999.99999999,-345000,0,-30100000.0,0.0,0,-30500000.0,0,-38800000.0,242200000.0,281000000,47300000.00000001,-29200000.000000004,18100000.000000007,https://www.sec.gov/Archives/edgar/data/1045810/000104581005000024/q206form10q.htm,https://www.sec.gov/Archives/edgar/data/1045810/000104581005000024/q206form10q.htm
2005-05-01,NVDA,2005-06-02,2005-06-02 16:39:58,Q1,65500000.0,24900000.0,0.0,285000,-3200000.0,49430000,7759000,-56077000,944000000,2400000.0,89600000.0,-13504000,0,-56411000,65304000,0,-4600000.0,-511000,0,-12500000.0,0.0,0,-12500000.0,0,72500000.0,281500000.0,209000000,89600000.0,-13500000.0,76100000.0,https://www.sec.gov/Archives/edgar/data/1045810/000104581005000020/q106form10q.htm,https://www.sec.gov/Archives/edgar/data/1045810/000104581005000020/q106form10q.htm
2005-01-30,NVDA,2005-03-22 00:00:00,2005-03-22 14:33:30,Q4,36300000.0,31099999.999999993,8700000.0,285000,-5100000.000000008,11729000,-17967000,-24737000,886000000,28200000.0,99199999.99999999,-17977000,0,-90977000,50433000,0,-58599999.99999999,-504000,0,11700000.0,0.0,0,11100000.000000002,0,51800000.00000001,208800000.0,157000000,99199999.99999999,-18000000.0,81199999.99999999,https://www.sec.gov/Archives/edgar/data/1045810/000104581005000008/0001045810-05-000008-index.html,https://www.sec.gov/Archives/edgar/data/1045810/000104581005000008/annualreport.htm
2004-10-24,NVDA,2004-11-22 00:00:00,2004-11-22 15:12:02,Q3,25799999.999999996,24000000.0,0.0,305000,-49199999.99999999,-62207000,-30566000,39819000,796000000,-200000.0,399999.9999999986,-14057000,0,-52651000,56668000,0,-10000000.0,-678000,0,-13600000.000000002,0.0,0,-14300000.0,0,-23900000.000000007,157100000.0,181000000,399999.9999999986,-14099999.999999994,-13699999.999999996,https://www.sec.gov/Archives/edgar/data/1045810/000104581004000034/0001045810-04-000034-index.html,https://www.sec.gov/Archives/edgar/data/1045810/000104581004000034/q305form10q.htm
2004-07-25,NVDA,2004-08-19 00:00:00,2004-08-19 14:21:23,Q2,5199999.999999999,24100000.0,0.0,364000,-58700000.0,-51653000,-32189000,8583000,772000000,600000.0,-28900000.0,-16628000,0,-20452000,46619000,0,9500000.0,-1350000,0,4600000.000000001,0.0,0,3300000.000000001,0,-16099999.999999998,180900000.0,197000000,-28900000.0,-16600000.0,-45500000.0,https://www.sec.gov/Archives/edgar/data/1045810/000104581004000023/0001045810-04-000023-index.html,https://www.sec.gov/Archives/edgar/data/1045810/000104581004000023/q205form10q.htm
2004-04-25,NVDA,2004-05-20 00:00:00,2004-05-20 13:56:18,Q1,21300000.0,23400000.0,0.0,383000,16800000.0,-8181000,-558000,29276000,758000000,-100000.0,61500000.0,-18599000,0,-149680000,75348000,0,-92900000.0,-1483000,0,15200000.0,0.0,0,13700000.0,0,-17700000.0,196300000.0,214000000,61500000.0,-18600000.0,42900000.0,https://www.sec.gov/Archives/edgar/data/1045810/000104581004000015/0001045810-04-000015-index.html,https://www.sec.gov/Archives/edgar/data/1045810/000104581004000015/q105form10-q.htm
2004-03-29,NVDA,2004-05-20 00:00:00,2004-05-20 13:56:18,FY,24166000.0,-57738000.0,55135000.0,311000,-400000.0,-38292000,26581000,-56968000,718600000,0.0,-949000.0,-12356000,0,-94433000,85893000,0,-20896000.0,-3551000,0,0.0,0.0,0,4454000.0,0,0.0,214422000.0,231813000,-949000.0,12356000.0,-13305000.0,https://www.sec.gov/Archives/edgar/data/1045810/000104581004000015/0001045810-04-000015-index.html,https://www.sec.gov/Archives/edgar/data/1045810/000104581004000015/q105form10-q.htm
2004-01-25,NVDA,2004-03-29 00:00:00,2004-03-29 12:31:52,Q4,-1699999.9999999958,23500000.000000007,43500000.0,0,-110600000.0,-39000000,27000000,57000000,719000000,44200000.0,-899999.9999999986,0,0,0,0,0,-20900000.000000007,0,0,7999999.999999996,0.0,0,4399999.999999977,0,-17399999.99999999,214600000.0,232000000,-899999.9999999986,-12399999.99999999,-13299999.999999989,https://www.sec.gov/Archives/edgar/data/1045810/000104581004000007/0001045810-04-000007-index.html,https://www.sec.gov/Archives/edgar/data/1045810/000104581004000007/annualreport.htm
2003-10-26,NVDA,2003-11-21 00:00:00,2003-11-21 12:48:13,Q3,6399999.999999999,22799999.999999996,0.0,205000,-46999999.99999999,33843000,-38894000,-40564000,622000000,9100000.0,-8600000.000000002,-23385000,0,-183288000,535932000,0,257900000.0,-1693000,0,9900000.000000002,0.0,0,-291800000.0,0,-42500000.0,231500000.0,274000000,-8600000.000000002,-23299999.999999996,-31899999.999999996,https://www.sec.gov/Archives/edgar/data/1045810/000104581003000010/0001045810-03-000010-index.html,https://www.sec.gov/Archives/edgar/data/1045810/000104581003000010/q30410q.htm
2003-07-27,NVDA,2003-09-09 00:00:00,2003-09-09 13:31:38,Q2,24200000.0,19600000.0,0.0,0,-25900000.000000004,-35346000,-52074000,47730000,970000000,899999.9999999999,18800000.000000004,-66271000,0,-181669000,213979000,0,-33900000.00000001,-1390000,0,12099999.999999998,0.0,0,10700000.000000002,0,-4500000.0,274500000.0,279000000,18800000.000000004,-66300000.00000001,-47500000.00000001,https://www.sec.gov/Archives/edgar/data/1045810/000119312503047111/0001193125-03-047111-index.html,https://www.sec.gov/Archives/edgar/data/1045810/000119312503047111/d10q.htm
2003-04-27,NVDA,2003-05-22 00:00:00,2003-05-22 16:14:18,Q1,19700000.0,16000000.0,0.0,156000,4300000.0,-1561000,-20739000,93308000,984000000,500000.0,40400000.0,-25592000,0,-275252000,185786000,0,-115100000.0,-1414000,0,7800000.0,0.0,0,6400000.0,0,-68200000.0,278800000.0,347000000,40400000.0,-25600000.0,14800000.0,https://www.sec.gov/Archives/edgar/data/1045810/000101287003002787/0001012870-03-002787-index.html,https://www.sec.gov/Archives/edgar/data/1045810/000101287003002787/d10q.htm
2003-01-26,NVDA,2003-04-25 00:00:00,2003-04-24 21:55:57,Q4,50900000.0,15100000.000000002,29900000.000000004,0,28500000.0,-4392000,59997000,-29460000,973000000,-200000.00000000285,124300000.00000001,-9940000,0,-239991000,150449000,0,-99500000.0,41587000,0,1000000.0,0.0,0,-399999.9999999986,0,24500000.0,347500000.0,323000000,124300000.00000001,-9899999.999999998,114400000.00000001,https://www.sec.gov/Archives/edgar/data/1045810/000104596903001196/0001045969-03-001196-index.html,https://www.sec.gov/Archives/edgar/data/1045810/000104596903001196/d10k.htm
2002-10-27,NVDA,2002-12-10 00:00:00,2002-12-10 16:24:33,Q3,-48600000.0,16200000.000000004,0.0,0,83700000.0,-17001000,80307000,5194000,902000000,40000000.0,91299999.99999999,-8060000,0,-131963000,121765000,0,-18200000.00000002,-1613000,0,4300000.000000001,0.0,0,2699999.999999999,0,75700000.0,322700000.0,247000000,91299999.99999999,-8100000.000000001,83199999.99999999,https://www.sec.gov/Archives/edgar/data/1045810/000101287002004623/0001012870-02-004623-index.html,https://www.sec.gov/Archives/edgar/data/1045810/000101287002004623/d10q.htm
2002-07-28,NVDA,2002-09-10 00:00:00,2002-09-10 15:37:19,Q2,5299999.999999997,14099999.999999998,0.0,0,-22500000.0,16640000,-31423000,-24965000,900000000,3900000.0000000005,600000.0000000014,-23931000,0,-153908000,149986000,0,-70899999.99999999,-1088000,0,5199999.999999999,0.0,0,9900000.0,0,-60400000.00000001,246600000.0,307000000,600000.0000000014,-23900000.000000004,-23300000.0,https://www.sec.gov/Archives/edgar/data/1045810/000101287002003728/0001012870-02-003728-index.html,https://www.sec.gov/Archives/edgar/data/1045810/000101287002003728/d10q.htm
2002-04-28,NVDA,2002-05-14 00:00:00,2002-05-14 08:11:42,Q1,83200000.0,12800000.0,-100000.0,-156000,-54300000.0,-4317000,-40050000,-23659000,893000000,7100000.0,48800000.0,-21192000,0,-113638000,0,0,-88700000.0,-870000,0,15000000.0,0.0,0,14100000.0,0,-25800000.0,307200000.0,333000000,48800000.0,-21200000.0,27600000.0,https://www.sec.gov/Archives/edgar/data/1045810/000101287002002262/0001012870-02-002262-index.html,https://www.sec.gov/Archives/edgar/data/1045810/000101287002002262/d10k.htm
2002-01-27,NVDA,,,Q4,76000000.0,14800000.0,-41300000.0,0,-32500000.0,-29000000,-94000000,-105000000,801000000,30600000.0,47500000.000000015,0,0,0,0,0,-160900000.00000003,0,0,49100000.0,0.0,0,47899999.99999999,0,-65500000.0,332500000.0,398000000,47500000.000000015,-20200000.000000004,27300000.00000001,,
2001-10-28,NVDA,2001-11-23 00:00:00,2001-11-23 00:00:00,Q3,41300000.00000001,11899999.999999998,-2299999.999999999,0,-59600000.00000001,-5000000,-30000000,-20000000,677000000,28100000.0,19500000.0,0,0,0,0,0,-317100000.0,0,0,9700000.0,0.0,0,15000000.0,0,-282600000.0,398400000.0,681000000,19500000.0,-21199999.999999996,-1699999.999999996,https://www.sec.gov/Archives/edgar/data/1045810/000101287001502932/0001012870-01-502932-index.html,https://www.sec.gov/Archives/edgar/data/1045810/000101287001502932/d10q.txt
2001-07-29,NVDA,2001-09-10 00:00:00,2001-09-10 00:00:00,Q2,32900000.000000007,10600000.000000002,-12500000.0,0,10399999.999999998,-26000000,-3000000,-17000000,806000000,16600000.0,58099999.99999999,0,0,0,0,0,-24299999.999999996,0,0,15200000.0,0.0,0,20000000.000000004,0,53800000.0,680800000.0,627000000,58099999.99999999,-23900000.000000004,34199999.99999999,https://www.sec.gov/Archives/edgar/data/1045810/000101287001501827/0001012870-01-501827-index.html,https://www.sec.gov/Archives/edgar/data/1045810/000101287001501827/d10q.txt
2001-04-29,NVDA,2001-06-12 00:00:00,2001-06-12 00:00:00,Q1,26700000.0,6200000.0,4200000.0,0,-16700000.0,18000000,3000000,0,763000000,15400000.0,35700000.0,0,0,0,0,0,-98900000.0,0,0,16500000.0,0.0,0,16200000.0,0,-47000000.0,627000000.0,674000000,35700000.0,-31700000.0,4000000.0,https://www.sec.gov/Archives/edgar/data/1045810/000101287001501180/0001012870-01-501180-index.html,https://www.sec.gov/Archives/edgar/data/1045810/000101287001501180/d10q.txt
2001-01-28,NVDA,,,Q4,29599999.999999993,5000000.0,-27200000.0,0,198800000.0,-1000000,3000000,15000000,622000000,9300000.000000004,215499999.99999997,0,0,0,0,0,-39199999.99999999,0,0,3500000.0,0.0,0,-196899999.99999997,0,-20599999.99999991,674400000.0000001,695000000,215499999.99999997,-14699999.999999996,200799999.99999997,,
2000-10-29,NVDA,2000-12-08 00:00:00,2000-12-08 00:00:00,Q3,28100000.00000001,4299999.999999999,0.0,0,-37899999.99999999,-19000000,-25000000,-11000000,805000000,23200000.0,17699999.999999996,0,0,0,0,0,-6500000.000000002,0,0,104100000.0,0.0,0,394500000.0,0,405699999.99999994,694699999.9999999,289000000,17699999.999999996,-6500000.000000002,11199999.999999994,https://www.sec.gov/Archives/edgar/data/1045810/000101287000006127/0001012870-00-006127-index.html,https://www.sec.gov/Archives/edgar/data/1045810/000101287000006127/0001012870-00-006127-0001.txt
2000-07-30,NVDA,2000-09-13 00:00:00,2000-09-13 00:00:00,Q2,22499999.999999996,3400000.0000000005,0.0,0,-19500000.000000004,-13000000,-13000000,-7000000,367000000,17700000.0,24100000.0,0,0,0,0,0,-7600000.0,0,0,3400000.0000000005,0.0,0,2900000.0000000056,0,19400000.000000007,289400000.0,270000000,24100000.0,-7600000.0,16500000.0,https://www.sec.gov/Archives/edgar/data/1045810/000101287000004766/0001012870-00-004766-index.html,https://www.sec.gov/Archives/edgar/data/1045810/000101287000004766/0001012870-00-004766-0001.txt
2000-04-30,NVDA,2000-06-14 00:00:00,2000-06-14 00:00:00,Q1,18300000.0,3000000.0,0.0,0,-24700000.0,-5000000,-17000000,-4000000,329000000,14000000.0,10600000.0,0,0,0,0,0,-7500000.0,0,0,5600000.0,0.0,0,205100000.0,0,208200000.0,270200000.0,62000000,10600000.0,-7500000.0,3100000.0,https://www.sec.gov/Archives/edgar/data/1045810/000101287000003358/0001012870-00-003358-index.html,https://www.sec.gov/Archives/edgar/data/1045810/000101287000003358/0001012870-00-003358-0001.txt
2000-01-30,NVDA,,,Q4,17500000.0,2900000.0000000005,-5000000.0,0,-21299999.999999996,-11000000,-26000000,-22000000,97000000,11299999.999999998,5300000.000000001,0,0,0,0,0,-1699999.9999999993,0,0,7700000.0,0.0,0,2700000.0,0,6400000.0,61400000.0,55000000,5300000.000000001,-1699999.9999999993,3600000.000000002,,
1999-10-31,NVDA,1999-12-10 00:00:00,1999-12-10 00:00:00,Q3,10600000.0,2499999.9999999995,0.0,0,-3100000.0000000014,-6000000,-4000000,-8000000,76000000,1400000.0,11500000.0,0,0,0,0,0,-5200000.0,0,0,-1099999.9999999995,0.0,0,2199999.9999999995,0,8400000.0,55400000.0,47000000,11500000.0,-5200000.0,6300000.0,https://www.sec.gov/Archives/edgar/data/1045810/000101287099004592/0001012870-99-004592-index.html,https://www.sec.gov/Archives/edgar/data/1045810/0001012870-99-004592.txt
1999-08-01,NVDA,1999-09-10 00:00:00,1999-09-10 00:00:00,Q2,6600000.000000001,2100000.0,0.0,0,-13700000.0,-16000000,7000000,-7000000,63000000,700000.0,-4300000.0,0,0,0,0,0,-2200000.0,0,0,1000000.0,0.0,0,1400000.0,0,-5100000.0,46900000.0,52000000,-4300000.0,-2200000.0,-6500000.0,https://www.sec.gov/Archives/edgar/data/1045810/000089843099003541/0000898430-99-003541-index.html,https://www.sec.gov/Archives/edgar/data/1045810/0000898430-99-003541.txt
1999-05-02,NVDA,1999-06-15 00:00:00,1999-06-15 00:00:00,Q1,6300000.0,1500000.0,0.0,0,-4700000.0,-13000000,14000000,8000000,64000000,300000.0,3400000.0,0,0,0,0,0,-2500000.0,0,0,5800000.0,0.0,0,700000.0,0,1600000.0,51600000.0,50000000,3400000.0,-2500000.0,900000.0,https://www.sec.gov/Archives/edgar/data/1045810/000101287099001954/0001012870-99-001954-index.html,https://www.sec.gov/Archives/edgar/data/1045810/0001012870-99-001954.txt
1999-01-31,NVDA,,,Q4,7600000.0,1200000.0000000002,-200000.0,0,-5000000.0,15000000,-12000000,10000000,54000000,399999.9999999999,4000000.0,0,0,0,0,0,-3600000.0000000005,0,0,37900000.0,0.0,0,37300000.0,0,37800000.0,49800000.0,12000000,4000000.0,-3600000.0000000005,399999.9999999995,,
1998-10-25,NVDA,,,Q3,7199999.999999999,1100000.0,0.0,0,-15000000.0,0,0,0,11000000,500000.0000000002,-6300000.000000001,0,0,0,0,0,-1099999.9999999995,0,0,0.0,0.0,0,9399999.999999998,0,2100000.0,2100000.0,0,-6300000.000000001,-1099999.9999999995,-7400000.000000001,,
1998-07-26,NVDA,,,Q2,-9700000.0,1000000.0,0.0,0,6899999.999999999,0,0,0,0,799999.9999999999,-999999.9999999999,0,0,0,0,0,-1100000.0,0,0,0.0,0.0,0,5600000.0,0,3400000.0,15497400000.0,15494000000,-999999.9999999999,-1100000.0,-2100000.0,,
1998-04-26,NVDA,,,Q1,-1000000.0,700000.0,0.0,0,700000.0,0,0,0,0,900000.0,1400000.0,0,0,0,0,0,-2100000.0,0,0,0.0,0.0,0,-300000.0,0,-1000000.0,15493000000.0,15494000000,1400000.0,-2100000.0,-700000.0,,
1998-01-31,NVDA,,,Q4,1300000.0,200000.0,0.0,0,0.0,0,0,0,0,400000.0,2000000.0,0,0,0,0,0,-200000.0,0,0,0.0,0.0,0,-400000.0,0,1400000.0,15495400000.0,15494000000,2000000.0,-200000.0,1800000.0,,
1997-12-31,NVDA,,,Q3,1400000.0,799999.9999999999,0.0,0,-100000.0,0,0,0,0,900000.0000000001,3000000.0,0,0,0,0,0,-1000000.0000000002,0,0,99999.99999999964,0.0,0,-899999.9999999995,0,1100000.0,15495100000.0,15494000000,3000000.0,-1000000.0000000002,1999999.9999999998,,
1997-09-28,NVDA,,,Q2,-5000000.0,600000.0,0.0,0,100000.0,0,0,0,0,200000.0,-4200000.0,0,0,0,0,0,-1700000.0,0,0,8300000.0,0.0,0,8200000.0,0,2300000.0,15496300000.0,15494000000,-4200000.0,-1700000.0,-5900000.0,,
